Name,Town,Description
桃園火車站前商圈,桃園區,從銅板小吃到品牌名店，琳瑯滿目的美食就要躁動你的味蕾，接著以統領百貨為中心瘋狂採買，用新台幣把時尚潮流新玩意通通下架！
桃園忠烈祠暨神社文化園區,桃園區,請一同參與這場全台獨存的日本神社上演的穿越劇：沿著參道，緩步行經鳥居、手水舍直至本殿，典雅肅穆的唐風建築，帶你走入昭和時代。
景福宮,桃園區,歷經歲月洗鍊的百年宮廟是地方上的信仰中心，每年開漳聖王聖誕、祈福建醮，全城鑼鼓喧闐，猶如一場民俗嘉年華，場面無比震撼！
奧爾森林學堂,桃園區,咻！坐上長長的溜滑梯，化身小飛俠乘風飛翔，好涼快又好開心，接著去空中樹屋拜訪松鼠先生、貓頭鷹小姐，一起開一場森林同樂會。
角板山行館,復興區,不管是帶有神秘色彩的戰備隧道或是記錄蔣家日常的行館，都令人充滿十足想像，凜冬時節，園中櫻梅盛開，更為旅行增添不少驚艷。
三民蝙蝠洞,復興區,來蝙蝠洞的亮點可不是追蝙蝠！而是打卡足以容納千人的半月形天然岩洞，加上魔幻綠色調的池灘，注意! 也許有小精靈隨時出沒!
東眼山森林遊樂區,復興區,飄渺雲海間，高聳杉木林挺拔向上，行走在海拔1212公尺的山巒間，享受天然森林浴的同時，也可一窺千年化石和珍稀山鳥。
羅浮橋,復興區,橫越石門水庫上游的羅浮橋，既名列為北橫名橋之一，又是東南亞數一數二的大跨徑拱橋﹔絕美的大紅弧線映襯著秀麗山水，教人讚嘆。
拉拉山巨木區,復興區,行走木棧步道的旅人，來和這座森林的守護者一起吸收大地日月精華，感受千年如一刻的雋永古韻﹔昇起的感動就如芬多精，洗滌身心。
綠光森林,復興區,挑張彩色椅，坐看雲海彩霞落羽松、園裡餵食小綿羊，療癒你的心、三五好友BBQ，歡樂無極限…，不一會兒的時間你就會戀上這片山。
中央大學,中壢區,追星族一眼必認出的「中大十景」﹔告白必勝的大草坪、細雨耍浪漫的中大池、令人心跳加速的情人步道…戲劇熱門取景地，朝聖踩點去！
大江國際購物中心,中壢區,不管去幾次都不膩的大江，裡頭有著高規格的星橋影城、個性風的服飾品牌、全台獨家的主題餐廳、還有超好拍的裝置藝術，改天還要衝一波！
黑松飲料博物館,中壢區,勾起許多人兒時回憶的老牌飲料，從1925年推出第一瓶彈珠汽水後就成了｢台灣味｣的代名詞，來一趟博物館，帶你探尋台式飲料文化。
憶聲電子文物館,中壢區,在AI當道的數位時代，帶你一路回顧黑白電視、時鐘收音機，到現今市場最火紅的3C產品，綜觀台灣電子發展史，絕對使你眼睛一亮。
郭元益糕餅博物館,楊梅區,揉揉麵糰，今天想做鳳梨酥還是冰沙餡餅﹖來創意烘焙坊，一圓廚師夢！不只這樣，還要大解密全台最長的隧道爐，了解郭元益飄香百年的秘訣。
雅聞魅力博覽館,楊梅區,歐風玫瑰花園、峇里島發呆亭、香氛步道走廊，讓人一踏進園區就有滿滿度假感，館內另規劃沐浴球、香氛娃娃DIY，小巧可愛適合當紀念品。
台塑企業文物館,龜山區,張張泛黃的照片、影音資料等豐富文物，揭露台塑企業如何從小規模的公司，成為台灣塑膠產業龍頭，繼而挺進世界舞台的過程。
桃園酒廠,龜山區,享譽國際的玉泉清酒是怎麼製作的﹖來趟酒廠除了認識隱藏在溫潤口感之下的文化內涵，還能DIY酒粕皂、鹽麴，深究清酒之奧妙。
可口可樂世界,桃園區,9大展區帶你一探橫掃全球的紅色旋風﹔錯過太可惜的絕版商品、19世紀美國街道神還原、見證榮耀的奧運聖火把…，可樂迷必訪。
南僑桃園生活體驗園區,龜山區,跟著大廚親手體驗製作披薩、泰式春捲、泰式青木瓜沙拉的樂趣；同樣也好玩的水晶肥皂打印體驗，帶一塊專屬於自己的水晶肥皂作紀念。
台茂購物中心,蘆竹區,吃美食、看電影不稀奇，台茂獨創全台，把5500坪公園搬進商場！巨型攀爬索、彩虹直排輪、共融式鞦韆等新型遊具，就是要你玩到瘋！
竹圍漁港,大園區,幾乎沒有人能抵擋新鮮海鮮的美味逆襲，跟港口賞夕陽、看飛機同樣需列入行程清單的逛漁市，讓荷包君不必哭泣就能滿足吃貨的胃。
義美食品生產．生態．生活廠區（觀光工廠）,蘆竹區,探索傳統餅製程、發掘老故事，看老字號品牌如何從街頭小攤搖身一變糕餅龍頭﹖還有讓大人小孩都輕鬆上手的定番西點手作，趣味十足！
溪海休閒農業園區,大園區,捲起袖子種瓜、養雞、桿麵，手把手體驗農人日常﹔園區四季都是花季，海芋鬥艷的時節，繽紛多彩尤其令人為之一亮。
白沙岬燈塔,觀音區,從日治時期便屹立於此的老燈塔和老苦楝樹，數年如一日的持續守望著出外人回家的路，廣場設有步道、涼亭，漫步其中感受悠悠時光。
觀音自行車道,觀音區,白千層林道引領你通往一場與農村共舞的時光，逗趣的草編裝置藝術迎接遠來的你，還有沿途一座座的埤塘和蓮田都是獨家風景。
甘泉寺,觀音區,想了解觀音地名由來必須造訪的百年宮廟，廟內供俸石觀音佛祖，而享有盛名的觀音聖水，長年來已有不計其數的信徒前來朝聖。
范姜老屋群,新屋區,屋簷燕尾、門楣匾額、卍字牆面…走讀百年客家老屋群，樸實的紅磚平房低調顯露范姜家族的名門風範，而這裡也是新屋地名的起源地。
老K舒眠文化館,新屋區,睡眠是日常生活中最重要的小事，來老K帶你體驗好床，館內可試躺電動按摩床、精油按摩床等頂級床墊，教你寵愛自己就從睡好開始。
新屋綠色走廊,新屋區,沿途坡道平緩、綠蔭滿佈，旅行的意義不再是騎乘公里數，而是全家大小一起踩著四輪、迎著徐徐海風、談天說地的快樂時光。
永安漁港,新屋區,總讓旅人念念不忘的濱海夕陽美景，幻彩天光水色一上傳就瘋狂吸讚，同樣是旅程亮點的美味現撈海鮮，吮指鮮甜，一嚐就對味。
龍潭三水里茶園,龍潭區,百年茶園啜一口功夫好茶，回甘滋味源自於好山好水和時光醞釀，入春時節綠油油茶園轉為色彩繽紛的魯冰花田，令人無比驚艷。
龍潭觀光大池,龍潭區,白天，湖濱公園享綠意、踩腳踏船玩立槳，端午時節還有龍舟大賽，水陸雙玩法夠酷！夜間賞夢幻爆棚的吊橋光雕，高調展開璀璨夜遊。
桃園客家文化館,龍潭區,讓美拍模式停不下來的3D立體彩繪就是最佳打卡點，五月桐花開更添浪漫情懷﹔館內收藏也頗有看頭，逛一輪就能變身客家小達人。
龍潭聖蹟亭,龍潭區,全台保存最完整的惜字亭，以中軸對稱的三進式庭園格局，以及處處皆涵蓋特殊含義的建築細節，表現先人對於文字和紙張的崇敬。
八德三元宮,八德區,傳承已二百年的｢八德乞龜｣慶典，隨著農曆二月二土地公誕辰，數千斤的｢糯米平安龜｣重磅登場，擲出聖筊就能把福氣帶回家！
三坑老街,龍潭區,來到龍潭第一街就要大嗑古早味客家小吃﹔菜包、牛汶水、草仔粿，可都別放過，吃飽喝足再去永福宮、青錢第，來個復古三連拍。
小人國,龍潭區,環遊世界不是夢，上百座等比縮小的世界知名建築等你一一造訪！園內還有20多種遊樂設施、精彩主題表演，讓全家人都盡情玩樂。
石門水庫,大溪區,早期以吃活魚聞名的石門水庫，近來增加了｢楓半馬｣和｢熱氣球嘉年華｣兩大旅遊熱門標籤，老景點新玩法，等你一一來發掘。
小粗坑古道,龍潭區,五月雪紛飛時，正是一遊古道的最佳時節，片片桐花或在枝頭或在山徑開啟一場花之饗宴，盛夏就看螢火蟲娶親，閃爍螢光絢爛又迷人。
平鎮褒忠祠(義民廟),平鎮區,褒忠祠的興建起源於紀念保衛鄉土的客家烈士義勇軍，廟內主祀義民爺，至今200年的歷史，是客家族群傳承義民信仰的重要據點。
大溪陵寢,大溪區,素雅莊敬的四合院、陳設簡約的辦公室，內外皆呼應蔣經國先生一生的簡樸作風，定時的衛兵交接儀式，則是不能錯過的必看亮點。
慈湖紀念雕塑公園,大溪區,以紀念之名，蒐羅來自各地近三百座的蔣公銅像，打造全台獨有的雕塑公園，循著步道回顧歷史軌跡之餘，也可飽覽小橋流水的庭園造景。
慈湖遊客中心,大溪區,踏進滿有人文感的展示空間，跟著兩蔣生平，回顧泛黃的歷史篇章，外地人遊北橫的各種大哉問，同樣也能不費力獲得詳盡解答。
慈湖陵寢（前慈湖）,大溪區,值得等待一小時的不NG三軍儀隊操槍秀，到底有多威﹖超整齊的步伐加上花式拋槍，霸氣全場！內行人必卡位，搶到好位就能捕捉到好畫面。
後慈湖,大溪區,昔日的軍事禁地不再，轉而是保有原始生態的忘憂秘境，想放風想放鬆，就來後慈湖欣賞天寬地闊，悠哉感受大自然的綠色療癒力。
大溪木藝生態博物館﹣木家具館,大溪區,磚紅建築既是遙想大正時代的歷史櫥窗，也是品賞精湛木藝的藝術空間，透過職人的一雕一鑿，傳遞無以複製、穿越百年的大溪美學。
大溪木藝生態博物館﹣武德殿,大溪區,曾經的武道練習場、憲兵隊辦公室，隨著時代變遷，經過大規模修復後，還原了日治時期的建築樣貌，也轉型成為藝文展覽空間。
大溪中正公園,大溪區,蔥蘢綠意的百年公園，是眺望大溪橋賞夕陽的熱門據點，也是爬梳老時光的人文走廊﹔大溪神社、復興亭、相撲場…處處皆故事。
頭寮大池賞鳥,大溪區,看群鳥過境、看小水鴨的冬季日常、看猛禽空中大亂鬥，這些都是野鳥迷連年期待的重頭戲，相機預備好了嗎﹖野鳥的生存之道就要開演！
百吉林蔭步道,大溪區,帶上娃兒也能自在踏青的平緩步道，不僅可以一邊大口呼吸芬多精，還能一邊發現藏於山中的豐富物種，春賞杜鵑夏賞桐花，最是愜意。
齋明寺古道,大溪區,古道入口處位於齋明寺旁，現已不見信徒跪叩前行朝聖的畫面，轉而是三三兩兩健走的遊客，在青青古木環繞下，享受林蔭下的愜意。
御成路古道,大溪區,這條距離大溪老城區不遠的賞桐秘道，不只是自然景色值得玩味，還蘊藏著昔日東宮太子訪台、桃園大圳開鑿的故事，待你來探秘。
富田香草休閒農場(富田花園農場),大溪區,一池湖水倒映藍天白雲、漫步彩虹花田寫下四季序曲、光看就療癒的人氣小動物…，在富田，隨心所欲架上鏡頭就是一張風格美拍！
李騰芳古宅,大溪區,大有來頭的舉人宅邸，可是連格局、風水、雕飾都相當講究，來睜大眼找找藏在細節的建築密碼，你會發現古人遠比你想得還有智慧！
大溪老街,大溪區,玩味巴洛克建築語彙、來老商行體驗傳統木藝、古廟參拜關聖帝君、品味老字號豆干…，要認識大溪老城區文化，就從百年街屋開始。
金蘭醬油博物館,大溪區,瞧瞧超過一甲子的｢醬油黑歷史｣、嚐嚐醬油冰淇淋的鹹甜好滋味、動動手作醬粕香皂、童心噴發彩繪醬油瓶，好吃好玩的醬油之旅，Let’s go！
東和音樂體驗館,大溪區,化身為音樂人的你，將親手製作屬於自己的樂器、組個熱血樂團、認識樂器的發聲原理，每一種體驗課程都超好玩又知識度十足！
龜山第一河濱公園,龜山區,騎單車沿水岸兜風，用輕快的節奏悠遊城市綠廊，是一種樂活方式﹔想要感受汗水淋漓的快感，三五好友籃球場、槌球揪一團，熱血十足。
五酒桶山步道,蘆竹區,爬過重重石階後的獎賞，就是一登觀景台，遠眺飛機起降、漁船入港，一次擁有海陸空無敵視野，季節對了還有櫻花、芒花相伴。
台灣高鐵桃園站,中壢區,與桃園捷運共構的高鐵桃園站，其每日平均進出站人次大約4萬人，相較於北台灣其他車站，僅次於台北站，交通樞紐地位特別重要。
林家古厝休閒農場,觀音區,百年三合院加上萬坪蓮花田，讓你一邊體驗最接地氣的農村風土之餘，還能一邊享用蓮花料理、IG照拍好拍滿，樂當鄉土系吃播網美。
蓮荷園休閒農場,觀音區,夏日限定的大王蓮水上漂、唯美蓮池盪鞦韆，另類玩法不能錯過！園內還有販售蓮子剉冰、荷葉炒米粉等特色料理，鹹甜都對你的味！
九斗休閒農場,新屋區,最適合全家人的綠色樂園，不只提供近距離認識有機栽種的場域，還可大玩大地遊戲﹔拔河、搖滾車競速、生存遊戲、高空探索，刺激又好玩！
溪口台地,復興區,溪口台地是大漢溪流域的河階地，美麗的溪谷景致猶如蔣公故鄉，而聯絡角板山與溪口台地交通的新溪口吊橋，就是當地最知名的地標。
蓮座山觀音寺,大溪區,廟宇精緻的龍柱、石雕、泥塑、交趾陶等建築裝飾，古樸又顯生氣，與百年老榕樹相呼應，廟前廣場可遠眺大漢溪河階地貌，極為壯闊。
光泉牛奶園地（大園廠）,大園區,剛擠出來的牛奶要經過多少繁複的製造過程才會成為香醇的鮮奶呢﹖館內導覽人員將帶你參觀生產線，並以詳盡的解說為你一一解惑。
金車咖啡文教館,中壢區,從咖啡豆的精心挑選、掌握最佳烘焙程度、到最終的設計包裝，走逛每個生產環節，就能明白成就一杯香醇咖啡有多麼不簡單！
八德埤塘自然生態公園,八德區,超大草皮加上和煦陽光就能成就一場美好的湖畔野餐約會，除了享受美景美食之外，一旁還有水鳥野鴨優雅經過，打造濃濃鄉村風。
青塘園,中壢區,陪孩子散步河堤木棧道賞荷花、觀察濕地生態，探索大自然的奧妙絕對令人不無聊，午後就在湖畔草地席地野餐，悠閒又唯美。
桃園藝文廣場,桃園區,大片綠地讓人只是在晨光下散步也能備感療癒，由不規則形狀的紅色大門通往別具｢藝｣思的表演世界，總是能令人滿載而歸。
蘆竹五福宮,蘆竹區,從路口牌樓到寺廟外觀，華麗裝飾精緻又不失莊嚴、百年天爐裊裊香煙，祈財求福的許願上達天聽﹔不論是巡禮廟宇工藝或是參拜，都十分充實。
壽山巖觀音寺,龜山區,雕塑秀麗的殿宇搭上小橋流水，令人彷彿置身中國宮廷，而當初春時節，則成了旅人追櫻的熱門去處，點點櫻花滿開，為莊嚴的廟宇添了幾許悠然。
大溪齋明寺,大溪區,靜靜欣賞古樸寺院中的老樹、花木和每一隅的建築細節，是虔心禮佛、禪修之餘，另外一種讓心靈跳脫平時煩憂，全然舒放的良方。
小烏來天空步道,復興區,凌空漫步70公尺高透明廊道，嘩啦啦溪水、超廣角視野，叫人腳趾都發麻！完成挑戰後，還有50公噸風動石定格秀，讓旅程驚嘆再一波。
原住民族文化會館,大溪區,關於認識原住民文化的各類小常識，逛逛館內豐富的文物館藏能讓你收穫滿滿，欣賞活力十足的傳統舞蹈表演和參與部落慶典也是值得推薦。
佳安里(石門十一份),龍潭區,把家中毛小孩帶上，在超大草坪上奔跑踢球、抬頭欣賞飛翔於高空的風箏，好不愜意！初夏五月桐花盛開如皚皚白雪，則是另一種風景。
觀音濱海遊憩區,觀音區,踏浪堆沙、發現寄居蟹、小螃蟹的沙灘蹤跡，伴著海潮之聲看大風車轉啊轉、欣賞夕陽西下的動容美景…為身心靈再次充飽元氣。
大溪河濱公園,大溪區,綠油油的草地和各式各樣的遊戲設施，都好像在邀請你快來玩耍，你可以盡情跑跳，當然也可以找個蔭涼處野餐賞落羽松，從容製造小確幸。
宏亞巧克力共和國,八德區,課本學不到的巧克力冷知識全部告訴你﹔好玩的DIY工坊教你製作獨一無二的甜點、把廢酒瓶變成藝術品，一起進入巧克力的夢想國度吧！
經國紀念館﹙大溪遊客中心﹚,大溪區,館內收藏的珍貴史料﹣親筆家書、專用座車、與國際政要的合影…引領旅人從多面向認識經國先生﹔館內另有旅遊諮詢服務，初訪者也能玩得盡興。
老街溪河川教育中心,中壢區,究竟南桃園的人文發展，和這條母親之河有什麼樣的關聯﹖老街溪又是如何擺脫｢臭名｣，成為環教熱點﹖讓我們來館內看下去！
江記豆腐乳文化館,中壢區,融合現代技術與代代相傳的陳釀風味，江記把餐桌上的配角轉變為文化的展現﹔館內特別提供豆腐乳DIY，邀您一起感受匠人手作精神。
太平洋自行車博物館,新屋區,館內展示超過來自世界各國200台的自行車，使旅人透視全球日新月異的自行車科技之外，還可以現場試乘，體驗駕馭新型車款的快感。
巴陵古道生態園區,復興區,要認識巴陵的明媚風光，園區內的蝴蝶館、甲蟲館、闊葉林館，以及地質館等四座館舍，讓你爬山不再走馬看花，深度領略山林美好。
桃園1-4號生態埤塘,桃園區,在落羽松、海桐、楊柳的環抱之下，散步在環池步道成了一種悠然享受，而駐足木棧平台賞飛鳥點水而過、嬌豔的香水蓮盛開，則是分外愜意。
好時節休閒農場 (好時節農莊),大溪區,來到開心農場真實版，怎麼能錯過與梅花鹿、山羊互動的好機會﹖還有令人興奮的龍眼木窯烤披薩DIY，零廚藝也能晉升小廚神。
老街溪水岸自行車道,平鎮區,老街溪真的不一樣了！3.6公里的親水車道，一路串聯新勢公園、河川教育中心、伯公壇等景點，隨時上路都能展開一場美好｢騎｣遇。
新勢公園,平鎮區,無論你是想踩上滑板大展身手、攀岩場上大秀肌肉、與姊妹淘在野餐墊上大嗑美食、或是讓孩子大發玩心，這裡就是你的大遊藝場！
大古山步道,蘆竹區,從步道入口到觀景台不到1公里就能坐擁制高視角，春天野百合盛開，讓旅途更添驚喜﹔黃昏後繽紛夜色登場，則是令一種微醺風景。
羊稠森林步道,蘆竹區,綠林內的甲蟲擂台、穿山甲的秘密基地…健走之餘，欣賞生態大展演是一定要的，至高點還有海陸空霸氣視野迎接你，旅程超充實！
長流當代美術館(桃園館),蘆竹區,致力推廣藝術，並將美的思維融入日常生活，是該館從始至終不變的理念，館內收藏多件華人藝術家之珍貴畫作，堪為地方上的文化寶庫。
龍情‧魔幻豆子主題館,大溪區,來跟花生家族把堅果小知識學起來，超好玩的製糖小學堂和棉花糖DIY，打造與孩子的甜品精心時光，最後再到伴手禮區買一波，開心吃甜甜。
祥儀機器人夢工廠,桃園區,機器人大戰鋼鐵擂台、機器人曲棍球大賽、活靈活現的三太子機器人…超多互動體驗，搭上合力DIY組裝機器人，邊玩邊學樂趣十足！
卡司‧蒂菈樂園（金格觀光工廠）,蘆竹區,烤餅乾、彩繪薑餅屋，親子動動手，夢幻甜點自己做，再來參觀長崎蛋糕生產線、學習實用的食安常識，陪孩子一起長飲食小知識。
興仁夜市,八德區,想要大啖各路料理的就來美食天地，想要玩遊戲買衣服的就來歡樂王國，分區規劃更好逛，區內還設有遮雨棚，就算下雨也能開心逛夜市！
霄裡大池(霄裡池),八德區,匯聚了自然綠意與悠久人文，6甲大的霄裡大池百餘年來灌溉著八德南區的農田，如天空之鏡的池面映照著天光雲影，靜看也是享受。
許厝港濕地,大園區,北台灣最大的海岸型濕地、野鳥迷必收的追鳥熱點，超過200種水鳥在此棲息、覓食﹔每年秋冬之際，上千隻水鳥現蹤，絕對值得一睹盛況。
大溪老茶廠,大溪區,在和洋融合的風格建築中，用啜飲一杯東方美人茶的時間，和友人一同談天說地，細細領略韶光靜好的悠然，就是最好的回甘滋味。
馬祖新村眷村文創園區,中壢區,乘載軍眷日常的屋舍，隨著歲月更迭，成了推廣質感生活的創意基地﹔不定期舉辦的市集、名人講座、選物分享，帶你走進諸般好時光。
中壢觀光夜市,中壢區,全長700公尺、超過400攤，蒐羅各式銅板美食，讓你花小錢就能遍嚐特色小吃，吃飽喝足就要開啟購物模式，輕鬆買齊當季行頭。
中原商圈 (中原夜市),中壢區,有令你熟悉的在地小吃，也有大玩混搭的創意美食，華燈初上時，整座夜市一路飄香，只要你｢肚量｣夠大，歡迎過足你的吃貨癮。
中平路商圈,中壢區,中壢火車站前一級逛街陣地，走一波就能把永遠都少一件衣服的衣櫃補好補滿，也可順道享受一段美味時光，古早味、異國料理，應有盡有。
羊世界牧場,中壢區,小孩才做選擇！這裡是老饕必插旗的羊肉料理據點，也是能和萌寵動物同框的親子樂園，輕鬆搞定你旅行的二個願望，沒那麼困難！
桃園觀光夜市,桃園區,在地人從小吃到大的花枝羹、蚵仔煎、古早味愛玉，還有大阪燒、韓式炸雞、越南河粉…等異國美味，中外大比拚，看看誰是你心頭好！
孔廟,桃園區,以中國宮殿為藍本的孔廟，建築風格莊嚴帶有尊榮感，建造細節皆遵循古制，表現崇尚至聖先師的意涵，每年教師節依例舉行祭孔大典。
虎頭山環保公園,桃園區,一閃一閃亮晶晶，璀璨燈火放光明！市區賞夜景激推熱點，讓你不必登百岳，也不必考驗自己的腿力，就能一睹夕陽無限好的絕美景致。
楓樹坑,龜山區,面向田野，讓感官被遠處的山、吹拂的風、眼前的綠而喚醒，接著在百年楓香樹下打卡，記錄邂逅另一條伯朗大道的心情記事。
忠貞商圈,中壢區,最道地的滇緬好滋味吃飽吃滿，米干、大薄片、檸檬魚，全部來一輪，必需加入行事曆的龍岡米干節，讓你嚐美食之餘還深入金三角文化，大推！
比亞外部落,復興區,世外桃源真實版就在這座高海拔的泰雅部落，想體會郊野的美，從踏查友善耕作、自給自足的族人生活之道，到邂逅藍腹鷴，都是極佳之選。
義興吊橋,復興區,站上桃園唯一的水管橋，徜徉在蔚藍天空和大漢溪谷之間，15層樓高的高度，有點刺激又有點療癒，讓人跨足一步也忍不住心跳加快！
稻米故事館,新屋區,來到北台灣的｢米都｣，走訪這棟超過80年歷史的舊穀倉，參觀百年碾米機、欣賞老建築風采、認識代代相傳的米食文化，包你滿載而歸。
富岡老街,楊梅區,小而美的老街上，浮雕細緻且華麗的巴洛克洋樓、擁有近百年歷史的磚砌十連棟，都是耐人尋味的富岡印記，記錄著小鎮昔日的繁華歲月。
秀才登山步道,楊梅區,老少咸宜的平緩柏油路、495階腳勤人專屬天梯，2款路線任君挑選，沿途俯視層層茶園景致加上四季輪轉的芒花、桐花，也是種享受。
大平橋,龍潭區,曾獲選為台灣歷史建築百景，在地人口中的糯米橋，紅磚橋身倒影在打鐵坑溪，融合周邊的農村風景，別有一番優雅古意。
憲光二村,龜山區,走訪全桃園唯一的憲兵宿舍，裝載歲月的老皮箱、連排黑瓦平房、飄揚的國旗、老榕樹下的鞦韆...，拼湊記憶中光陰的故事。
眷村故事館,龜山區,舊皮箱、縫紉機、黑膠唱片、黑白電視機…穿梭眷村客廳、雜貨店，每一件看似不起眼的生活物品，都是一個個50﹣60年代的動人故事。
GFun機能生活館,觀音區,機能布料可不是噱頭，歡迎來館內｢風雨體驗走廊｣、｢伸展體驗活動區｣、｢機能體驗DIY｣，就能明白NIKE、愛迪達為何如此愛用。
巴陵橋_巴陵大橋_巴陵舊橋,復興區,慢步沒有車輛干擾的舊橋隧道感受濃濃泰雅風情，或是在粉得很亮眼的新橋，把大漢溪谷的美好好看盡，雙橋雙玩法，兩種都很推！
竹圃茶園小木屋休閒農場,蘆竹區,翠綠的茶園與結實累累的稻田，是園區中耐人尋味的美景，還有時節限定的桐花、櫻花、落羽松，歡迎來作客的你，一同感受當季。
戀戀空港灣休閒農場,蘆竹區,快揪上你的好友一同來當一日小農，體驗葡萄套袋、鮮採諾麗果、動手製作果醋、認識友善農法，各種玩樂兼學習的行程，保證令你印象深刻。
泉園休閒農場,蘆竹區,跟著園主種樹、種野百合、種綠竹筍、培育葡萄，自然農法初體驗，讓久居城市的你重新找回擁抱大自然的悸動，還能學一波中草藥小知識。
耀輝牧場,楊梅區,還記得第一次拿牧草餵小牛，既緊張又興奮的心情嗎﹖來、來、來，重溫你的孩提回憶之外，同場超展開你的農事技能，超Chill！
圓光禪寺,中壢區,中壢市郊頗富盛名的古剎，格局恢弘的殿宇和中式園林，構成一幅清幽的景致，寺院不乏旅人漫步的行蹤，感受遠離塵囂的寧靜。
中壢仁海宮,中壢區,堪稱為南桃園信仰中心的仁海宮，恢弘氣派的百年廟殿供奉千年沉香媽祖，在冉冉昇起的香煙中，聆聽著善男信女的真誠祈願。
大溪木藝生態博物館﹣壹號館,大溪區,舞龍隊整齊列隊、藝師專注創作、學徒練習抬轎、大仙尪仔威武出巡…一個個小巧可愛的木偶，生動展示大嵙崁悠遠又濃厚的人文風采。
樂天桃園棒球場,中壢區,以國際級規格打造、北台灣人氣超夯的棒球場，不只是熱血球賽的競技殿堂，也曾是五月天、槍與玫瑰等樂團開唱的搖滾舞台。
中平路故事館,中壢區,1930年興建的雙併日式建築，承載著兩家人的生活印記，時至今日，轉而成為認識在地常民日常的｢城市文化客廳｣，讓老屋的故事繼續延續下去。
楓樹腳公園,八德區,綠樹林立、占地3.5公頃的園區，規劃有自行車道、向陽草坪、光榮球場、麗景綠廊、亮彩廣場等休閒場域，是地方居民運動的熱門場地。
大園公園,大園區,想重拾盡情揮汗的暢快，槌球場、綠蔭步道等你熱血揪團來PK﹔想帶孩子放風玩耍，溜滑梯、攀爬架、搖搖馬，絕對比玩手機還好玩！
大溪埔頂公園,大溪區,公園內也可以玩高空溜索﹖這裡沒有罐頭遊具，有的是滾輪溜滑梯、樹屋遊戲區、共融式旋轉盤，為親子共遊時光製造無窮歡樂。
三坑自然生態公園,龍潭區,翠綠山色倒映在湖心，步上木棧道靜賞這片如詩風景，心也跟著悠然，途中想歇息，園裡的涼亭和遼闊草坪都是推薦的舒心去處。
大溪橋,大溪區,復古拱門、氣派雕花，巴洛克風格的大溪橋，不只是連接大漢溪的重要通道，也是欣賞崁津美景的絕佳據點，入夜後光雕閃耀，更添風采。
龍岡國旗屋,中壢區,雙十國慶來升旗、聽故事、吃米干，咀嚼來自滇緬的歲月之味，入口所嚐既是懷舊也是米食文化的傳承，這一碗平民美食，著實不簡單！
中壢六和商圈,中壢區,總使你陷入｢每一家都想吃｣的苦惱，要吃視覺系打卡甜點店、三五好友小酌很盡興的居酒屋、還是優雅慢食的新泰式料理﹖這問題恐怕不好解！
龜山楓樹坑步道,龜山區,全程約3公里的步道，沿途自然林相豐富，除了各類常綠喬木，還有油桐、山櫻、山芙蓉、月桃、芒草等植物點綴四季風景，至高處可遠眺大棟山。
虎頭山公園,龜山區,想要親近山林不一定非要舟車勞頓，桃園市心後花園完善的步道系統，滿足想兜風、練腿力、賞桐花，或是來個生態之旅的你。
大溪慈湖步道,大溪區,雖然總里程迷你，卻是一條熱門步道，就算你不是健走咖，也可以在當中享受漫步林蔭、欣賞湖光山色的清幽，一路輕鬆抵達陵寢。
小烏來天空繩橋,復興區,別擔心，橋雖搖晃，但你不會掉到地上！走在70公尺長、離地50公尺的繩橋，縱橫大利幹溪谷之際，一邊遠眺神秘瀑布，驚險又好玩。
龍岡清真寺,中壢區,北台灣重要的伊斯蘭信仰中心，翡翠色的建築外觀象徵崇尚和平，室內設有男女禮拜殿、念經室、接待室，提供信徒虔心參拜的空間。
新街國小日式宿舍群,中壢區,隱身校園內的木造屋舍，彷彿將時間倒流到昭和舊日，不如就好好善用這復古氛圍，席坐外廊聽風看雲朵，春天粉櫻滿開，更顯浪漫。
中壢老街溪步道、新街溪步道,平鎮區,綿延數公里的步道盡是盎然綠茵，春日還有櫻花點綴﹔淙淙溪水清澈見底，不時能見白鷺鷥、翠鳥等蹤影，豐富生態令人無比驚艷。
三龜戲水,復興區,登上崖邊觀景台，一眺玉峰溪與三光溪匯聚的河谷地景，酷似龜背的山巒和蜿蜒的河道，是來訪巴陵地區最具代表性的美景之一。
大慶洞,大溪區,超擬真3D彩繪，讓你綜覽大溪之美﹔和平老街、大溪橋、武德殿、農特產、百年商行，華麗色彩盡顯老城區風姿，真的是別有｢洞｣天！
爺亨梯田,復興區,遠觀層層疊疊超過1200層的梯田，蜿蜒線條整齊劃一，景緻動人﹔當地除了溫泉頗具盛名，紅娘芭樂和媽媽桃則是最佳伴手禮。
華泰名品城,中壢區,百大國際品牌全年祭出優惠，省錢入手經典單品，締造你的獨有魅力﹔大展風潮的人氣餐館，讓品味從外在穿搭到飲食，都是極入流的表現。
龍元宮商圈,龍潭區,廟口無非就是庶民小吃的集散地，從屹立多年的傳統美味，到在地人必私藏的創意小點，都令人嘗了就忍不住打卡分享新發現！
大湳圖書館,八德區,走過半世紀，眷村電影院蛻變成了閱讀文字與影像的人文空間，保留下來的軍工建築特色，激盪出新與舊的完美融合，讓老宅持續迷人。
阿姆坪薑母島,大溪區,搭上渡船一次把石門水庫的山川水色達陣﹔龍珠灣、夢幻草原、石秀灣瀑布、長興斷橋…，晨昏四季都能有不同於陸路旅遊的驚奇發現。
養樂多工廠,中壢區,小小乳酸菌藏著多少奧妙，瞧瞧生產線就知道！學到知識後去商店街逛一波，把限定文創小物帶回家，再到萬國Logo牆來個到此一遊打卡。
歐萊德綠建築總部,龍潭區,歐萊德秉持永續經營的理念，將總部建築融於環境，從建材到能源的再利用皆落實節能減碳，並以｢綠色品牌｣之姿為愛地球盡一份心力。
福源茶廠,龍潭區,想成為品茶達人，就不能不明白製茶的箇中學問﹔體驗採茶、揉茶、磨茶粉…讓五感深入感受茶的每一階段，從此喝茶更有味道！
中台環境教育資源中心,觀音區,環保小尖兵，一起來把廢棄物變黃金！有趣的導覽課程，帶你了解什麼是綠色資源科技、手中的工廠回收材料如何變為文創小物，動動手學科普。
源友咖啡文化館,平鎮區,你喝的咖啡有泰半從這來！源友以享譽國際的烘豆技術，誘使每一顆咖啡豆散出香氣，為成就一杯風味香醇的咖啡奠定了美好基礎。
渴望園區,龍潭區,在這裡有一種自在是躺臥青草地望藍天、早晨被鳥鳴喚醒…就來入住全國首家｢金級環保旅館｣吧！回應內心對樂活人生最真實的嚮往。
南崁溪水岸公園,蘆竹區,超帥氣退役戰車、大紅LOVE、緋紅富士櫻、炫麗光雕橋，6座公園給你軍事風、放閃風、唯美風，多種不一樣的打卡風格，洗版洗起來！
福仁宮,大溪區,農曆二月十一，來恭賀開漳聖王生辰快樂！地方大姓十年一輪主辦，神豬祭儀熱鬧登場，歡迎鄉親父老前來共襄盛舉，有拜有保庇！
新南老街,大溪區,雕飾精緻的巴洛克街屋華麗競演，隱喻著富貴人家的貴氣格調，隨著時代更迭，豪門廳堂成為旅人飲咖啡品生活的場景，再續老街風華。
迷宮巷-鳳飛飛故居,大溪區,年華似水流，穿梭短牆矮房，鳳姐歌聲掠過心頭，就在草店尾小客廳稍作歇息吧，挖掘「後尾仔｣的吉光片羽，想像大漢溪河運興盛的日子。
水牛書店,新屋區,以書易書的經營模式，讓偏鄉的閱讀力源源不絕，就如同店名｢水牛｣，默默耕耘著在地文化土壤﹔店內另販售小農特產，致力推廣友善耕作。
八德茄苳霄裡陽光鐵馬道,八德區,南北雙路線，玩法好多變！嚮往自然的你，就往北去看埤塘、賞阡陌農田﹔想感受在地人情味，就往南邊浣衣池、古厝群，小鎮情懷總是詩。
舊百吉隧道,大溪區,日治時期聯絡角板山和大溪的交通要道，現今已成為重現往年車伕在輕便鐵道上，手押台車、辛苦載客載貨場景的歷史廊道。
青林農場,觀音區,吃過燒烤店沒什麼好說嘴，動手焢窯、露天烤肉才夠威，酒足飯飽後超大草皮等你來動動筋骨，最後做個麥桿菊乾燥花，把這份野趣帶回家。
大艽芎古道,大溪區,古道健走找亮點，翩翩紫蛺蝶飛啊飛、純白桐花綻放樹間、蟲鳴鳥叫當最天然的背景音樂，昔日通商要道變成自然生態賞景私房路線！
大漢橋,復興區,你是文藝小清新，就來賞楓賞蝶品四季更迭，你是躁動熱血咖，北台灣高度最高的高空彈跳歡迎你來，大漢橋的各種玩法，怎麼玩都挺有意思。
大溪月眉至龍潭三坑水岸觀光綠廊,大溪區,不衝刺的長征，儘管自如地踩踏雙輪，慢速欣賞沿途的每一道風景﹔懷舊老街、水岸風情、季節花海…，然後嚐口客家菜包，旅程完美終結！
優霞雲瀑布、嘎嘎生態池,復興區,看似靜謐的生態池其實是個熱鬧的小型生態鏈，觀察多樣化的水生物種能讓你嘖嘖稱奇﹔下行可見傾瀉而下的瀑布，滔滔流水光看就震撼。
石門山步道,龍潭區,海拔551公尺的小百岳，匯聚鐵腿好漢坡、平坦土石路，隨興致攻頂便能換個角度鳥瞰石門水庫、遠眺龍潭大溪，感受登高的暢快。
羅馬公路自行車路線,復興區,想知道你的毅力臨界點在哪，近34公里的山麓單車行，就是挑戰標的﹔飽覽部落原鄉風采之際，奮力完成一段段爬坡，你就是自己的英雄！
角板山形象商圈,復興區,部落伴手禮﹣水蜜桃、甜柿、香菇、小米酒、編織藝品買好買滿，還有平常吃不到的部落風味菜，整個商圈就是你的逛街天堂。
彩韻廣場,桃園區,如彩緞舞動的裝置藝術，以｢展開雙臂｣的迎賓意象，歡迎每位來訪的旅人，夜間炫彩光影與水瀑交織，又展現另一番醉人氛圍。
新屋百年石滬群,新屋區,由一個個卵石堆疊而成的海上長城，既是漁民利用漲退潮的捕魚利器，更是不可多得的環境教育場域，酋婦蟹、海瓜子、青蟳，大開你的眼界。
羅浮部落獵人學校,復興區,莫急莫慌要沉著，作為一名獵人之先，你需要懂得超前佈署和耐心等候！跟著導覽人員學習設置陷阱、射箭秘訣，也許你就是最有潛力的泰雅獵人！
龍岡森林公園,中壢區,丟掉手機丟電腦，無料萬坪公園才是全家人的絕佳休閒選項，不管是想健走、騎單車、打籃球，享受揮汗動起來的暢快，甩掉你的宅習慣。
南崁溪水岸自行車道,蘆竹區,踩踏雙輪兜風去！22公里的水岸車道，跨境城中和田野，白天賞河景風光，晚上看爛漫光雕，即使一個人也能隨時展開一場愜意的單車私旅。
桃園中正藝文特區商圈,桃園區,料理東西軍大舉插旗的美食版圖，從街邊傳統小吃到異國美饌，強力逆襲每一張懂吃的嘴，還要把潮流衣著買起來，大肆享受逛街的快感。
龍岡圖書館(桃園市立圖書館龍岡分館),中壢區,獨自、讀字，挑個窗邊的座位，陷入文字的世界，就像圖書館｢融於自然｣的設計理念，在風光水綠中，我們閱讀，也感受這世界。
虎頭山公園全齡友善步道,桃園區,不分老幼的自然系踏青路線，只要邁開步伐，便能擁抱難能可貴的生態之美，一路上也許會巧遇松鼠和蛙蛙，歡迎你造訪這座城市後花園。
泰雅小米園區,復興區,播種時的祈願、豐收時的感謝，旅人們藉由參與祭儀，認識族人崇敬天地的表現，園區還推出射箭、編織等文化體驗，讓你化身泰雅小勇士。
溪口部落,復興區,登上新溪口吊橋，是每一位來訪溪口部落的旅人們必收景致，而體驗隱藏在口簧琴和部落料理的風土人文，則是讓旅程加倍精彩。
石門水庫步道,龍潭區,深入步道的收穫，不只是鍛鍊體力，還可以眺望大壩風光，感受悠遊自然的快意﹔高雅梅櫻、橙紅楓葉、四月雪流蘇花，四季各有看頭。
北橫公路自行車路線,大溪區,單車好手不會想錯過的達人級路線，從大溪一路上復興、小鎮一路到山區，壯麗原鄉騎透透，快激起你的腎上腺素飆速起來！
大棟山登山步道,龜山區,目睹海拔405公尺的小百岳風景，有飛機凌空飛、高鐵呼嘯過、蜿蜒淡水河、台北101屹立遠處，攻頂後的重頭戲，就是令人直呼值得。
永安北岸濱海遊憩區,新屋區,親子親水低碳無動力活動首選﹣後湖溪划獨木舟，在海風徐徐之下搖槳前行，靜賞水鳥飛翔而過、觀察濕地生態，頗有一番情趣。
大溪木藝生態博物館﹣大溪歷史館,大溪區,跨越近百年的屋舍，以展示｢大溪人的生活與歷史｣為定位，保留當代居民的軌跡，使旅人沉浸在令人著迷的復古氛圍中，懷想古今。
大溪木藝生態博物館﹣藝師館,大溪區,高手在民間，木職人代代傳承的精湛工藝，使大溪因百年木藝而光彩熠熠﹔來趟文化行旅吧，發掘一鑿一刻下，無以複製的動人故事。
桃園慈護宮,桃園區,中壢仁海宮與桃園慈護宮分別為南北桃園的媽祖信仰中心，每30年舉辦一次的祈安建醮極為盛大，總吸引成千上萬的信徒前來參拜、鑽轎腳。
大溪普濟堂,大溪區,六月廿四關聖帝君聖誕，熱鬧翻騰的全城遶境，來看大仙尪神將出巡和百年社頭全到齊，大溪人的第二個過年，你不會想錯過！
赫威神木群,復興區,全台極為珍稀的低海拔紅檜群，樹齡約為800至2000年，當中較為知名的有巨大樹洞的八仙神木、枝幹曲折的卜派神木，抬頭仰望令人不由得發出讚嘆。
乳姑山,龍潭區,白天這裡是挖掘台灣功夫茶製程的好所在，晚上則是捕獲超級夜景的打卡熱點，採茶體驗、璀璨燈火搭上美食，山中輕旅精彩一整日。
國立體育大學,龜山區,走在碧綠無波的志清湖畔步道，放眼所及的風景令人感到格外宜人，偶爾可見鴨子悠閒划水﹔一旁的青翠草地席地野餐，也是一種享受。
Global Mall 桃園A8,龜山區,多個流行風尚、生活日用、文具雜貨、運動休閒等特選品牌，加上特色主題餐館，讓你捷運到站立馬開買開吃，大嫌時間不夠用！
中壢藝術館,中壢區,風格大器又沉穩的的建築，規劃有可容納千人的音樂廳、百坪展覽室，每年平均舉辦30檔展覽和百場國內外表演，是南桃園重要的藝文空間。
桃園國際機場,大園區,可以待上一天的戶外觀景平台，無論是看夕陽、看星空、看飛機起降都很推﹔重現舊時大稻埕的玩藝大街，彩繪打卡牆引你進入一段復古時光。
茄苳里埤塘公園,八德區,象徵桃園文化薈萃的七彩裝置藝術在埤塘的倒影令人驚豔，不如就沿著環湖景觀步道，領略不同視角之美，偶爾還有白鷺鷥與你相伴。
魅力金三角商圈 (魅力金三角地方特色產業發展協會),平鎮區,米干、國旗屋、龍岡清真寺、忠貞市場、異域故事館、忠貞新村文化園區...，透著濃濃眷村風味的時尚風華再現，歡迎您的蒞臨!
雲南文化公園,平鎮區,全桃稀有的雲南主題公園，園區內設有藏族祈福轉經筒，連年舉辦的龍岡米干節也於此為活動場地之一，是推廣滇緬文化的重要據點。
蘆竹德馨堂,蘆竹區,仔細端詳這座蘆竹地區少數保存良好的一條龍古厝，不論是彩瓷、泥塑、紅磚牆、燕尾形屋脊，皆顯百年望族氣派，也是表現閩南文化的經典之作。
外社輕便車站,蘆竹區,重建的車站喚起地方記憶，旅人們在水塘畔踩小台車前行，體驗外社先民運輸工具，同時還能迎著微風欣賞周邊遠山，格外舒心。
桃園市土地公文化館,桃園區,來瞧瞧威風凜然的神將每一筆畫有多細緻、古早農村廟口看戲是大人小孩都愛的樂趣…與土地公信仰密不可分的鄉土文化，帶你一探究竟。
葡萄王健康活力能量館,平鎮區,來瞧瞧暢銷超過半世紀的｢康貝特｣發源地，除了Get健康知識，當然不能錯過保健食品和甜品混搭的益生菌霜淇淋、靈芝仙草凍，必吃絕配滋味。
大園商圈,大園區,走逛擁有數十年歷史的餐館、餅舖、生活雜貨，是一窺在地人獨有日常的絕佳方式，傳統老店裡的老故事，走過路過千萬別錯過。
樂信瓦旦紀念公園,復興區,終其一生為了爭取部落居民的權益，而不惜斷送性命的樂信瓦旦，其無私精神直到如今依然是受到族人極高尊崇，也特建此公園表達感念。
龍潭觀光夜市,龍潭區,每個南桃園鄉親心目中的美食地圖，總是少不了會有龍潭觀光夜市，裡頭多達500個攤位，囊括各式異國料理、傳統美味，吃貨雷達ON！
108賴家休閒農場,蘆竹區,來訪的旅客可別錯過瞧瞧園主的絲瓜藝術創作展示，和夏日必賞的荷花景致，讓這趟農村風土體驗，增添了一點閒情逸致。
千郁休閒農場,蘆竹區,六千多坪的園區種植多種香草植物、景觀植栽，旅人賞美景之餘，還可品嘗舒壓香草茶、養生健康餐，再來場大地遊戲、農事體驗，實在紓壓！
台灣高鐵探索館,中壢區,2007年台灣高鐵的通車，推進台灣交通史邁入嶄新的里程碑，這當中需要多少無名英雄的投入﹖又有哪些難題需要被克服﹖歡迎來探索這偉大工程！
新溪口吊橋,復興區,沒走過全台最長懸索橋，就好像來復興沒吃水蜜桃，旅行成就少一項！快點提起你的勇氣，勇跨｢北台303｣，大漢溪谷等你來征服！
泰雅故事公園,復興區,桃園第一座引進碳酸氫鈉泉的公園，入口處的超大魚筌展現泰雅捕魚文化，園內特別設置泡腳池，讓旅人就地即可體驗觸感光滑的美人湯。
桃園軌道願景館,桃園區,坐上桃園號小火車認識桃園捷運未來規劃、回顧在地軌道歷史﹔等比例神還原打造的桃園舊火車站、小小車長體驗、軌道劇院皆是館內亮點。
桃園77藝文町,桃園區,在五光十色的站前商圈裡，這座日式宿舍群像是一片文化綠洲，默默地藉由展覽、藝文表演、文創市集，以新舊交錯的文化樣貌滋養這城市。
桃園防災教育館,八德區,透過煙霧體驗、滅火VR體驗、密室逃脫等各樣互動教學，你將學習到各樣實用的防災觀念，化身為守護家園的救難小英雄。
圳頭里軍史公園,大園區,今天的打卡來走軍事風吧！比模型更威的坦克車、驅逐艦、戰鬥機、單管砲等退役軍武，就是你的最強背景，快門按下，鏡頭前你最霸氣！
桃園市兒童美術館,八德區,館內收藏破萬本的兒童讀物，每月並舉辦多場親子藝文活動，觸動孩童的想像力與好奇心，讓美學教育從興趣當中轉為生活的一部分。
觀音草漯沙丘,大園區,騷動的探險魂啊，全國第一座沙丘地質公園，根本就是撒哈拉沙漠的平行時空，何不打造另類的荒漠壯遊，200多公頃海上長城等你完美入鏡！
保甲古道,楊梅區,循著卵石遍布的挑夫運貨路徑前行，如今挑夫身影已不復見，倒是多了尋幽訪古的旅人，在盡是茶園與苦茶樹的古道，感受客庄山林。
福人登山步道,楊梅區,沒那麼困難，征服第一條山林步道就從這開始！集結和緩坡度、低海拔等爬山入門款條件，全家大小的山林健走之行，即刻出發！
觀新藻礁生態系野生動物保護區,觀音區,號稱全台面積最大的千年植物藻礁，因其生長速度緩慢，每一方寸都是彌足珍貴，每逢春夏更是吸引不少旅人來一探潮間帶的生態奧秘。
菱潭街興創基地,龍潭區,曾經的市場美食街，閒置14年後，因著一間間的文創店鋪進駐，注入一股藝文能量，而再度匯聚人潮，成功塑造了另一種在地人文新風貌。
新民老街,桃園區,沒有大廟商圈的人聲雜沓，踏上有｢桃園第一街｣之稱的老街，時間彷彿轉慢了，不如找間文青咖啡廳、傳統雜貨店，找尋老城區的舊日點滴。
水濂洞、幽靈瀑布,復興區,受不了盛暑難耐嗎﹖就去鐵力庫部落清涼一下！超刺激的天然滑水道、壯觀奔騰的百尺高瀑布、媲美頂級水療的水濂洞，暑氣全OUT！
A8藝文中心,龜山區,所謂的藝術，從來就不是遙不可及，而是貼近於生活的存在﹔A8藝文中心帶你由賞畫、看老照片、玩手作，隨時開啟通往藝術的大門。
桃園光影文化館(光影二館),桃園區,高規格的放映設備，打造舒適的觀影空間，每月不只有由館方精心規劃的主題選片，還有各式靜態展覽和藝文展演，實為多功能的藝文場域。
中壢光影電影館(光影一館),中壢區,透過主題選片、影人映後座談，帶你看遍世界、吸收滿滿藝術能量，逢週六還有親子電影院，全家大小一同無料觀影，開心樂無限！
八德落羽松森林,大溪區,和炎炎夏日道別後，上千株由綠轉紅的落羽松悄然宣告秋天來臨，騎著單車伴著微涼的秋風漫步霄裡大池畔，別有一番純粹美好。
石門森林休閒農場,大溪區,園內種植食用香草以及地方農產，並提供導覽解說服務，旅客可於現場購買植栽、特色伴手禮，也能參與手做體驗，認識農林生活。
桃蘆坑休閒農場,蘆竹區,光看到這座水上溜滑梯，還有可愛的鵝鴨游水，你家小孩就鐵定失心瘋了！往裏頭去還有沙坑和湖畔景觀餐廳，只怕你時間不夠玩。
蛋寶生技不老村,平鎮區,許願亭、迷你版千本鳥居、長壽地藏尊，換上浴衣穿梭在復刻版的江戶大街，這裡就是日本！還可DIY鯉魚旗、紙傘，日系紀念品自己親手做。
侏羅紀博物館,蘆竹區,珠寶學可沒你想像得遙不可及！來到這，不但能一睹具國際博物館級水準的館藏寶石，還可以清修化石、研磨琥珀、礦坑淘寶，知性又有趣！
大溪木藝生態博物館﹣鳳飛飛故事館,大溪區,她的經典歌曲，你仍不時哼起﹔她溫暖的笑容，你猶記在心﹔館內展出多件鳳友們捐贈的珍貴收藏，想念鳳姐時，歡迎來館舍讓往事再次回味。
楊梅四維商圈,楊梅區,商圈內各路美食滿滿是﹔想在咖啡廳當個偽文青放空自己、日式食堂大飲啤酒，或是一嘗銅板價中式下午茶，選擇之多，怎麼吃都不膩！
棒球名人堂,龍潭區,查理布朗站上投手丘，準備要和你來個直球對決！館內豐富又生動的互動體驗，邀請你一起來感受棒球之樂、認識輝煌的棒球黃金年代。
粼粼波光、翩翩白影(地景藝術節白鷺鷥),楊梅區,高八米五的白鷺鷥低頭覓食，鏤空設計隨著天光雲影的變化展現不同美感﹔目前是重現埤塘文化、富岡人在地印象的重要地景。
壢小故事森林,中壢區,百年教師宿舍活化為親子共學空間，讓學習不再只是侷限於課本，而是從講座、繪本故事、食育體驗、手作勞作，拓展孩子知識的廣度。
壢景町,中壢區,館內以展示中壢的發展軌跡以及介紹台灣民主發展史為主軸，讓參觀者回到過去，找尋成長中的記憶片段，並認識歷史的重要演進。
新屋農博環境教育園區,新屋區,六大主題館舍透過生動活潑的導覽解說、手作體驗、文化藝廊等方式，傳遞環境教育的重要性﹔戶外的裝置藝術、景觀生態池，則是熱門打卡亮點。
自然接觸保養品亮點體驗園,楊梅區,秉持天然並結合高端萃取技術，為愛美的你研發出具品質保證的美麗法寶，了解產品製程之餘，還能體驗異國服飾，讓你大秀華麗！
Xpark 八景島水族館,中壢區,不用出國！橫濱八景島首設海外分館，13大主題展區以萬花筒般的絢爛燈光與久石讓打造的專屬音樂，帶你沉浸奇幻無比的水生世界。
桃園新光影城,中壢區,引進全台首座杜比影院，不僅以超奢華放映設備打造觀影新高度，還搭配天王按摩椅、五星級電動床組，連身體也享受極致放鬆。
大溪木藝生態博物館﹣木生活館,大溪區,昔日的蔣公行館，改造為展示木職人作品和開放旅客木工體驗的創作空間，歡迎來到木藝的美妙世界，雋刻屬於你的大溪旅遊日記。
利百代彩筆文創館,桃園區,文創文具挑動你的文青神經、復古大街絕版商品給你滿滿回憶殺、彩繪DIY讓每個人都是大藝術家，最後再去義式餐館填飽胃，大人小孩都滿意。
雄獅文具想像力製造所,龍潭區,你今天的心情是莫蘭迪綠，還是法拉利紅﹖來調製你的專屬彩色筆、染印送給家人的抱枕，揮灑你的想像力成就你的美好旅行回憶！
勝昌中草藥探索館,中壢區,那些名字千奇百怪的中藥材，到底對身體有什麼幫助﹖有趣的闖關活動帶你認識實物，讓你變身小小李時珍，不再川芎當歸傻傻分不清楚！
崙坪文化地景園區,觀音區,小松鼠正邀你一同在這座6.3公頃的綠地盡情跑跳，然後在竹編龜殼劇場做白日夢、最後嚐個梅干扣肉、逛逛客家文創好物，不跟上太可惜！
鍾肇政文學生活園區,龍潭區,沉浸國寶文學家-鍾肇政寫作多部經典鉅作的孕育之地，再走訪臨近的龍元宮、龍潭市場、龍潭大池，原來龍潭的文學味比你想得還濃。
手信霧隱城,龍潭區,以日本江戶時代為背景，打造出霧隱城城廓及江戶老街城下町的樣貌，帶領遊客進到城裡，一探幕府將軍與和菓子的能量秘密。
新屋石滬故事館,新屋區,原為警察哨所及宿舍的蚵一哨所，經重新改造轉型後，以寓教於樂的方式，傳承新屋百年石滬文化，並提供旅客石滬修築體驗。
草漯沙丘觀音展示館,觀音區,你聽過饅頭丘、陰影丘、前列沙丘嗎？讓我們一起走入草漯沙丘的奇妙世界，尋找沙灘、夕陽、風車的絕美密境，彷彿置身於撒哈拉沙漠，等著你來揭開它的神秘面紗！
海洋客家牽罟文化館,新屋區,想當一日海客嗎？全國首座「海洋客家牽罟文化館」，帶您體驗傳統牽罟捕魚，緬懷先人與海共生的智慧，品嚐道地牽罟風味餐，是盛夏絕不能錯過的衝浪聖地！
新屋濱海植物園,新屋區,發現新秘境，玩出新知識！開啟「新屋濱海植物園」APP互動遊戲，讓你一邊玩、一邊長知識，探索大自然的奧妙，快來挑戰尋寶的樂趣吧！
藻礁生態環境教室,新屋區,想要與觀新藻礁譜一場千年之戀嗎？認識10年才長1公分的海洋生物育嬰房，走～由專業海岸生態解說員帶您一起去探索！
鑊篤陂塘生態公園,平鎮區,漫步在公園，徜徉在和大自然共處的美好時光，週邊景色讓人心曠神怡！陂塘豐富的生態環境、樹林間有趣的地景溜滑梯，是都市中難得的世外桃源、親子遊憩的好去處。
巧虎夢想樂園,中壢區,五大區域﹣「琪琪夢想體驗城」、「巧虎繽紛大球池」、「妙妙未來實驗室」、「海洋世界舞台」和「桃樂比互動遊戲區」，讓孩子們玩得快樂同時培養智能。
Global Mall 桃園A19,中壢區,捷運到站就到店，從料理教室、親子樂園、舒壓按摩、美味餐館到生活用品一應俱全，滿足消費者購物、聚餐、體驗、娛樂休閒全方位需求。
永安海螺文化體驗園區,新屋區,主體建築擷取海螺，中庭的地景藝術，則是以客家吹海螺的聲音為發想，附屬建物則是融入捕漁的客家石塭，整體園區頗具海客風情。
十一份觀光文化園區,龍潭區,前身為人聲鼎沸的佳安市場，而現在她將繼續延伸生命力，結合藝術、零塑、有機、自然生態等多元樣貌，為十一份這個地區注入新的活力。
1895乙未保台紀念公園,平鎮區,有如以色列哭牆的｢乙未之環｣，開門見山地將公園注入歷史意涵，旅人走讀客家義民為保育鄉土的四大戰役不惜壯烈犧牲，心中必是滿滿感懷。
異域故事館,平鎮區,「異域孤軍」這個鮮為人知的部隊，在遙遠的金三角莽荒叢林裡拼搏30餘年，「異域故事館」保存了「異域孤軍」的悲壯歷史，讓這段故事永久流傳下去。
大溪落羽松公園,大溪區,每年秋冬之際，大溪落羽松大道的落羽松葉由金黃轉為緋紅時，總吸引許多遊客到此體驗有濃濃異國情調的自然美景。
楊梅故事園區,楊梅區,楊梅故事園區前身為「楊梅國中校長及教職員宿舍群」，園區內共有3棟建築，分別傳遞民間興學、自力建校、客家尊崇學風的人文精神。