Name,Town,Description,seg
桃園火車站前商圈,桃園區,從銅板小吃到品牌名店，琳瑯滿目的美食就要躁動你的味蕾，接著以統領百貨為中心瘋狂採買，用新台幣把時尚潮流新玩意通通下架！,"['銅板', '琳瑯', '躁動', '接著', '以統', '領百貨', '瘋狂', '採買', '台幣', '時尚', '下架', '名店', '味蕾', '玩意', '通通', '小吃', '美食', '潮流', '品牌', '就要', '目的', '中心']"
桃園忠烈祠暨神社文化園區,桃園區,請一同參與這場全台獨存的日本神社上演的穿越劇：沿著參道，緩步行經鳥居、手水舍直至本殿，典雅肅穆的唐風建築，帶你走入昭和時代。,"['參與', '這場', '獨存', '沿著', '參道', '經鳥', '手水舍', '本殿', '肅穆', '唐風', '建築', '時代', '全台', '昭和', '神社', '走入', '典雅', '穿越', '步行', '上演', '一同', '直至', '日本']"
景福宮,桃園區,歷經歲月洗鍊的百年宮廟是地方上的信仰中心，每年開漳聖王聖誕、祈福建醮，全城鑼鼓喧闐，猶如一場民俗嘉年華，場面無比震撼！,"['歷經', '宮廟', '開漳聖', '王聖誕', '建醮', '鑼鼓', '喧闐', '猶如', '一場', '嘉年華', '場面', '祈福', '民俗', '震撼', '全城', '百年', '信仰', '每年', '中心', '地方']"
奧爾森林學堂,桃園區,咻！坐上長長的溜滑梯，化身小飛俠乘風飛翔，好涼快又好開心，接著去空中樹屋拜訪松鼠先生、貓頭鷹小姐，一起開一場森林同樂會。,"['溜滑梯', '小飛俠', '乘風', '飛翔', '好涼', '開心', '接著', '樹屋', '拜訪', '貓頭鷹', '開一場', '同樂會', '松鼠', '坐上', '化身', '小姐', '空中', '森林', '先生', '一起']"
角板山行館,復興區,不管是帶有神秘色彩的戰備隧道或是記錄蔣家日常的行館，都令人充滿十足想像，凜冬時節，園中櫻梅盛開，更為旅行增添不少驚艷。,"['戰備', '記錄', '蔣家', '行館', '充滿', '凜冬', '時節', '園中', '櫻梅', '盛開', '更為', '驚艷', '神秘色彩', '想像', '十足', '旅行', '增添', '隧道', '日常', '或是', '令人', '不管', '不少']"
三民蝙蝠洞,復興區,來蝙蝠洞的亮點可不是追蝙蝠！而是打卡足以容納千人的半月形天然岩洞，加上魔幻綠色調的池灘，注意! 也許有小精靈隨時出沒!,"['蝙蝠洞', '打卡', '亮點', '容納千人', '綠色', '池灘', '許有', '精靈', '隨時', '魔幻', '半月形', '岩洞', '蝙蝠', '可不是', '足以', '天然', '加上', '注意', '而是']"
東眼山森林遊樂區,復興區,飄渺雲海間，高聳杉木林挺拔向上，行走在海拔1212公尺的山巒間，享受天然森林浴的同時，也可一窺千年化石和珍稀山鳥。,"['飄渺', '雲海間', '高聳', '1212', '山巒間', '森林浴', '同時', '山鳥', '公尺', '挺拔', '杉木', '珍稀', '千年', '行走', '化石', '天然', '享受', '海拔', '向上']"
羅浮橋,復興區,橫越石門水庫上游的羅浮橋，既名列為北橫名橋之一，又是東南亞數一數二的大跨徑拱橋﹔絕美的大紅弧線映襯著秀麗山水，教人讚嘆。,"['橫越', '石門', '水庫', '浮橋', '為北橫', '名橋', '東南亞數', '一數', '跨徑', '拱橋', '美的', '大紅', '弧線映', '襯著秀麗', '名列', '山水', '上游', '之一']"
拉拉山巨木區,復興區,行走木棧步道的旅人，來和這座森林的守護者一起吸收大地日月精華，感受千年如一刻的雋永古韻﹔昇起的感動就如芬多精，洗滌身心。,"['步道', '木棧', '這座', '守護者', '精華', '永古韻', '感動', '如芬', '洗滌', '旅人', '身心', '日月', '一刻', '千年', '行走', '大地', '感受', '森林', '吸收', '一起']"
綠光森林,復興區,挑張彩色椅，坐看雲海彩霞落羽松、園裡餵食小綿羊，療癒你的心、三五好友BBQ，歡樂無極限…，不一會兒的時間你就會戀上這片山。,"['挑張', '看雲海', '落羽松', '園裡', '食小綿', 'BBQ', '歡樂', '無極限', '不一會兒', '時間', '會戀', '片山', '彩霞', '三五', '好友', '彩色']"
中央大學,中壢區,追星族一眼必認出的「中大十景」﹔告白必勝的大草坪、細雨耍浪漫的中大池、令人心跳加速的情人步道…戲劇熱門取景地，朝聖踩點去！,"['步道', '追星族', '告白', '必認', '必勝', '細雨', '中大池', '戲劇', '熱門', '朝聖', '點去', '取景', '十景', '草坪', '情人', '浪漫', '心跳', '令人', '加速', '一眼']"
大江國際購物中心,中壢區,不管去幾次都不膩的大江，裡頭有著高規格的星橋影城、個性風的服飾品牌、全台獨家的主題餐廳、還有超好拍的裝置藝術，改天還要衝一波！,"['幾次', '不膩', '裡頭', '規格', '星橋', '個性', '服飾', '獨家', '主題', '餐廳', '超好', '裝置', '藝術', '還要', '衝一波', '全台', '改天', '影城', '大江', '品牌', '不管']"
黑松飲料博物館,中壢區,勾起許多人兒時回憶的老牌飲料，從1925年推出第一瓶彈珠汽水後就成了｢台灣味｣的代名詞，來一趟博物館，帶你探尋台式飲料文化。,"['飲料', '代名', '第一瓶', '許多', '人兒', '回憶', '1925', '彈珠', '台灣味', '探尋', '台式', '汽水', '博物', '勾起', '老牌', '一趟', '推出', '文化']"
憶聲電子文物館,中壢區,在AI當道的數位時代，帶你一路回顧黑白電視、時鐘收音機，到現今市場最火紅的3C產品，綜觀台灣電子發展史，絕對使你眼睛一亮。,"['收音', 'AI', '當道', '數位', '時代', '回顧', '電視', '時鐘', '現今', '市場', '最火紅', '3C', '產品', '綜觀', '台灣', '電子', '發展史', '絕對', '黑白', '一路', '眼睛']"
郭元益糕餅博物館,楊梅區,揉揉麵糰，今天想做鳳梨酥還是冰沙餡餅﹖來創意烘焙坊，一圓廚師夢！不只這樣，還要大解密全台最長的隧道爐，了解郭元益飄香百年的秘訣。,"['鳳梨', '還是', '冰沙', '餡餅', '創意', '一圓', '廚師', '這樣', '還要', '大解密', '最長', '郭元益', '飄香', '秘訣', '烘焙', '全台', '百年', '隧道', '了解', '今天']"
雅聞魅力博覽館,楊梅區,歐風玫瑰花園、峇里島發呆亭、香氛步道走廊，讓人一踏進園區就有滿滿度假感，館內另規劃沐浴球、香氛娃娃DIY，小巧可愛適合當紀念品。,"['香氛', '步道', '歐風', '里島', '發呆亭', '一踏進', '園區', '滿滿', '館內', '規劃', 'DIY', '可愛適', '合當', '紀念品', '玫瑰花', '小巧', '度假', '沐浴', '走廊', '娃娃']"
台塑企業文物館,龜山區,張張泛黃的照片、影音資料等豐富文物，揭露台塑企業如何從小規模的公司，成為台灣塑膠產業龍頭，繼而挺進世界舞台的過程。,"['台塑', '張張泛', '資料', '豐富', '企業', '規模', '成為', '台灣', '塑膠', '產業', '龍頭', '繼而', '挺進', '過程', '世界舞台', '影音', '揭露', '文物', '照片', '如何', '公司']"
桃園酒廠,龜山區,享譽國際的玉泉清酒是怎麼製作的﹖來趟酒廠除了認識隱藏在溫潤口感之下的文化內涵，還能DIY酒粕皂、鹽麴，深究清酒之奧妙。,"['清酒', '享譽', '國際', '來趟', '酒廠', '認識', '隱藏', '溫潤', '內涵', '還能', 'DIY', '酒粕', '之奧妙', '深究', '玉泉', '口感', '之下', '除了', '文化']"
可口可樂世界,桃園區,9大展區帶你一探橫掃全球的紅色旋風﹔錯過太可惜的絕版商品、19世紀美國街道神還原、見證榮耀的奧運聖火把…，可樂迷必訪。,"['區帶', '橫掃', '紅色', '旋風', '錯過', '絕版', '19', '世紀', '美國', '還原', '證榮耀', '奧運聖', '可樂迷', '必訪', '大展', '一探', '火把', '街道', '可惜', '商品', '全球']"
南僑桃園生活體驗園區,龜山區,跟著大廚親手體驗製作披薩、泰式春捲、泰式青木瓜沙拉的樂趣；同樣也好玩的水晶肥皂打印體驗，帶一塊專屬於自己的水晶肥皂作紀念。,"['泰式', '肥皂', '水晶', '著大', '廚親', '手體', '青木瓜', '樂趣', '同樣', '體驗', '一塊', '專屬', '作紀念', '沙拉', '好玩', '打印', '自己']"
台茂購物中心,蘆竹區,吃美食、看電影不稀奇，台茂獨創全台，把5500坪公園搬進商場！巨型攀爬索、彩虹直排輪、共融式鞦韆等新型遊具，就是要你玩到瘋！,"['看電影', '台茂獨', '創全台', '5500', '公園', '進商場', '直排', '共融式', '遊具', '攀爬', '稀奇', '彩虹', '美食', '巨型', '新型', '就是']"
竹圍漁港,大園區,幾乎沒有人能抵擋新鮮海鮮的美味逆襲，跟港口賞夕陽、看飛機同樣需列入行程清單的逛漁市，讓荷包君不必哭泣就能滿足吃貨的胃。,"['幾乎', '抵擋', '鮮海鮮', '逆襲', '賞夕陽', '看飛機', '同樣', '清單', '漁市', '滿足', '吃貨', '荷包', '美味', '哭泣', '行程', '列入', '港口', '不必', '有人']"
義美食品生產．生態．生活廠區（觀光工廠）,蘆竹區,探索傳統餅製程、發掘老故事，看老字號品牌如何從街頭小攤搖身一變糕餅龍頭﹖還有讓大人小孩都輕鬆上手的定番西點手作，趣味十足！,"['傳統', '發掘', '老字號', '街頭', '小攤', '搖身', '一變', '餅龍頭', '趣味十足', '小孩', '探索', '大人', '故事', '品牌', '如何']"
溪海休閒農業園區,大園區,捲起袖子種瓜、養雞、桿麵，手把手體驗農人日常﹔園區四季都是花季，海芋鬥艷的時節，繽紛多彩尤其令人為之一亮。,"['海芋', '種瓜', '養雞', '體驗', '農人', '園區', '花季', '鬥艷', '時節', '繽紛', '手把手', '多彩', '袖子', '四季', '日常', '令人', '尤其', '之一']"
白沙岬燈塔,觀音區,從日治時期便屹立於此的老燈塔和老苦楝樹，數年如一日的持續守望著出外人回家的路，廣場設有步道、涼亭，漫步其中感受悠悠時光。,"['步道', '如一日', '日治', '時期', '老燈', '數年', '持續', '出外人', '廣場', '設有', '涼亭', '時光', '苦楝', '守望', '屹立', '漫步', '悠悠', '感受', '回家', '其中']"
觀音自行車道,觀音區,白千層林道引領你通往一場與農村共舞的時光，逗趣的草編裝置藝術迎接遠來的你，還有沿途一座座的埤塘和蓮田都是獨家風景。,"['白千層', '林道', '引領', '一場', '農村', '時光', '編裝置', '藝術', '遠來', '蓮田', '獨家', '風景', '逗趣', '共舞', '一座座', '沿途', '通往', '迎接']"
甘泉寺,觀音區,想了解觀音地名由來必須造訪的百年宮廟，廟內供俸石觀音佛祖，而享有盛名的觀音聖水，長年來已有不計其數的信徒前來朝聖。,"['觀音', '由來', '必須', '造訪', '宮廟', '內供', '石觀音', '聖水', '不計', '其數', '前來', '朝聖', '享有盛名', '佛祖', '地名', '信徒', '百年', '已有', '了解']"
范姜老屋群,新屋區,屋簷燕尾、門楣匾額、卍字牆面…走讀百年客家老屋群，樸實的紅磚平房低調顯露范姜家族的名門風範，而這裡也是新屋地名的起源地。,"['屋簷', '門楣', '匾額', '牆面', '走讀', '樸實', '紅磚', '低調', '顯露', '范姜', '名門', '風範', '這裡', '燕尾', '起源地', '老屋', '客家', '平房', '新屋', '地名', '百年', '家族']"
老K舒眠文化館,新屋區,睡眠是日常生活中最重要的小事，來老K帶你體驗好床，館內可試躺電動按摩床、精油按摩床等頂級床墊，教你寵愛自己就從睡好開始。,"['按摩床', '體驗', '好床', '館內', '可試', '電動', '頂級', '寵愛', '開始', '精油', '睡眠', '小事', '日常生活', '重要', '自己']"
新屋綠色走廊,新屋區,沿途坡道平緩、綠蔭滿佈，旅行的意義不再是騎乘公里數，而是全家大小一起踩著四輪、迎著徐徐海風、談天說地的快樂時光。,"['平緩', '綠蔭滿', '意義', '著四輪', '迎著', '海風', '談天', '快樂', '時光', '坡道', '徐徐', '沿途', '旅行', '全家', '公里', '大小', '不再', '而是', '一起']"
永安漁港,新屋區,總讓旅人念念不忘的濱海夕陽美景，幻彩天光水色一上傳就瘋狂吸讚，同樣是旅程亮點的美味現撈海鮮，吮指鮮甜，一嚐就對味。,"['幻彩', '總讓', '海夕陽', '瘋狂', '同樣', '亮點', '現撈', '海鮮', '指鮮', '旅人', '水色', '念念不忘', '旅程', '一上', '天光', '美景', '美味']"
龍潭三水里茶園,龍潭區,百年茶園啜一口功夫好茶，回甘滋味源自於好山好水和時光醞釀，入春時節綠油油茶園轉為色彩繽紛的魯冰花田，令人無比驚艷。,"['茶園', '回甘', '好山好水', '時光', '醞釀', '時節', '綠油', '園轉', '繽紛', '無比', '驚艷', '入春', '冰花', '源自', '油茶', '百年', '滋味', '功夫', '色彩', '令人', '一口']"
龍潭觀光大池,龍潭區,白天，湖濱公園享綠意、踩腳踏船玩立槳，端午時節還有龍舟大賽，水陸雙玩法夠酷！夜間賞夢幻爆棚的吊橋光雕，高調展開璀璨夜遊。,"['湖濱', '公園', '享綠意', '腳踏船', '玩立', '時節', '龍舟', '大賽', '水陸雙', '夠酷', '夜間', '賞夢幻', '吊橋', '光雕', '高調', '展開', '夜遊', '爆棚', '端午', '玩法', '璀璨', '白天']"
桃園客家文化館,龍潭區,讓美拍模式停不下來的3D立體彩繪就是最佳打卡點，五月桐花開更添浪漫情懷﹔館內收藏也頗有看頭，逛一輪就能變身客家小達人。,"['停不下', '打卡', '3D', '立體', '彩繪', '桐花開', '情懷', '館內', '看頭', '一輪', '變身', '小達人', '更添', '客家', '浪漫', '收藏', '五月', '最佳', '模式', '就是']"
龍潭聖蹟亭,龍潭區,全台保存最完整的惜字亭，以中軸對稱的三進式庭園格局，以及處處皆涵蓋特殊含義的建築細節，表現先人對於文字和紙張的崇敬。,"['惜字', '以中軸', '進式', '庭園', '處處', '涵蓋', '含義的', '建築', '細節', '表現', '紙張', '崇敬', '先人', '完整', '保存', '文字', '格局', '特殊', '以及']"
八德三元宮,八德區,傳承已二百年的｢八德乞龜｣慶典，隨著農曆二月二土地公誕辰，數千斤的｢糯米平安龜｣重磅登場，擲出聖筊就能把福氣帶回家！,"['傳承已', '八德', '乞龜', '慶典', '隨著農', '誕辰', '登場', '福氣', '土地公', '二百年', '重磅', '千斤', '糯米', '二月', '平安', '回家']"
三坑老街,龍潭區,來到龍潭第一街就要大嗑古早味客家小吃﹔菜包、牛汶水、草仔粿，可都別放過，吃飽喝足再去永福宮、青錢第，來個復古三連拍。,"['龍潭', '早味', '菜包', '別放過', '喝足', '青錢', '來個', '古三連', '汶水', '永福', '客家', '小吃', '就要', '第一']"
小人國,龍潭區,環遊世界不是夢，上百座等比縮小的世界知名建築等你一一造訪！園內還有20多種遊樂設施、精彩主題表演，讓全家人都盡情玩樂。,"['環遊', '比縮', '建築', '造訪', '園內', '20', '多種', '遊樂', '設施', '主題', '盡情', '玩樂', '百座', '全家人', '世界', '精彩', '一一', '知名', '表演', '不是']"
石門水庫,大溪區,早期以吃活魚聞名的石門水庫，近來增加了｢楓半馬｣和｢熱氣球嘉年華｣兩大旅遊熱門標籤，老景點新玩法，等你一一來發掘。,"['老景', '以吃活', '魚聞名', '石門', '水庫', '近來', '楓半馬', '熱氣球', '嘉年華', '兩大', '旅遊', '熱門標', '點新', '發掘', '玩法', '一一', '早期', '增加']"
小粗坑古道,龍潭區,五月雪紛飛時，正是一遊古道的最佳時節，片片桐花或在枝頭或在山徑開啟一場花之饗宴，盛夏就看螢火蟲娶親，閃爍螢光絢爛又迷人。,"['五月雪', '紛飛時', '一遊', '時節', '桐花', '枝頭', '山徑', '開啟', '一場', '螢火蟲', '娶親', '閃爍', '螢光', '絢爛', '片片', '古道', '盛夏', '迷人', '最佳', '正是']"
平鎮褒忠祠(義民廟),平鎮區,褒忠祠的興建起源於紀念保衛鄉土的客家烈士義勇軍，廟內主祀義民爺，至今200年的歷史，是客家族群傳承義民信仰的重要據點。,"['客家', '褒忠', '興建', '紀念', '保衛鄉', '義勇', '內主祀', '義民爺', '200', '歷史', '傳承義民', '據點', '族群', '烈士', '起源', '信仰', '至今', '重要']"
大溪陵寢,大溪區,素雅莊敬的四合院、陳設簡約的辦公室，內外皆呼應蔣經國先生一生的簡樸作風，定時的衛兵交接儀式，則是不能錯過的必看亮點。,"['必看', '莊敬', '簡約', '內外', '呼應', '蔣經國', '簡樸', '作風', '定時', '衛兵', '儀式', '則是', '錯過', '亮點', '公室', '素雅', '四合院', '交接', '一生', '先生', '不能']"
慈湖紀念雕塑公園,大溪區,以紀念之名，蒐羅來自各地近三百座的蔣公銅像，打造全台獨有的雕塑公園，循著步道回顧歷史軌跡之餘，也可飽覽小橋流水的庭園造景。,"['步道', '以紀念', '蔣公銅', '獨有', '公園', '循著', '回顧', '歷史', '軌跡', '之餘', '飽覽小橋', '庭園', '造景', '全台', '三百', '雕塑', '之名', '流水', '打造', '各地']"
慈湖遊客中心,大溪區,踏進滿有人文感的展示空間，跟著兩蔣生平，回顧泛黃的歷史篇章，外地人遊北橫的各種大哉問，同樣也能不費力獲得詳盡解答。,"['踏進', '滿有', '空間', '回顧泛', '歷史', '遊北橫', '各種', '大哉問', '同樣', '不費力', '獲得', '詳盡', '外地人', '篇章', '解答', '生平', '人文', '展示']"
慈湖陵寢（前慈湖）,大溪區,值得等待一小時的不NG三軍儀隊操槍秀，到底有多威﹖超整齊的步伐加上花式拋槍，霸氣全場！內行人必卡位，搶到好位就能捕捉到好畫面。,"['卡位', 'NG', '三軍儀隊', '操槍秀', '有多威', '超整', '拋槍', '霸氣', '全場', '搶到', '好位', '畫面', '花式', '捕捉到', '一小', '行人', '步伐', '等待', '值得', '到底', '加上']"
後慈湖,大溪區,昔日的軍事禁地不再，轉而是保有原始生態的忘憂秘境，想放風想放鬆，就來後慈湖欣賞天寬地闊，悠哉感受大自然的綠色療癒力。,"['悠哉', '軍事', '生態', '秘境', '想放風', '來後慈', '湖欣賞', '地闊', '綠色療', '禁地', '保有', '大自然', '昔日', '感受', '原始', '不再', '而是']"
大溪木藝生態博物館﹣木家具館,大溪區,磚紅建築既是遙想大正時代的歷史櫥窗，也是品賞精湛木藝的藝術空間，透過職人的一雕一鑿，傳遞無以複製、穿越百年的大溪美學。,"['磚紅建築', '遙想', '大正', '時代', '歷史', '品賞', '木藝', '藝術', '空間', '透過', '職人', '一雕', '一鑿', '傳遞', '無以', '美學', '大溪', '精湛', '穿越', '百年']"
大溪木藝生態博物館﹣武德殿,大溪區,曾經的武道練習場、憲兵隊辦公室，隨著時代變遷，經過大規模修復後，還原了日治時期的建築樣貌，也轉型成為藝文展覽空間。,"['曾經', '武道', '習場', '憲兵隊', '隨著', '時代變', '經過', '大規模', '還原', '日治', '時期', '建築樣', '轉型', '成為', '藝文展覽', '空間', '公室']"
大溪中正公園,大溪區,蔥蘢綠意的百年公園，是眺望大溪橋賞夕陽的熱門據點，也是爬梳老時光的人文走廊﹔大溪神社、復興亭、相撲場…處處皆故事。,"['大溪', '爬梳', '蔥蘢', '綠意', '公園', '橋賞', '夕陽', '熱門據點', '老時光', '興亭', '相撲場', '處處', '神社', '眺望', '人文', '百年', '走廊', '故事']"
頭寮大池賞鳥,大溪區,看群鳥過境、看小水鴨的冬季日常、看猛禽空中大亂鬥，這些都是野鳥迷連年期待的重頭戲，相機預備好了嗎﹖野鳥的生存之道就要開演！,"['野鳥', '看群', '過境', '看小水', '大亂鬥', '這些', '迷連年', '重頭戲', '相機', '預備', '開演', '生存之道', '猛禽', '日常', '期待', '冬季', '空中', '就要']"
百吉林蔭步道,大溪區,帶上娃兒也能自在踏青的平緩步道，不僅可以一邊大口呼吸芬多精，還能一邊發現藏於山中的豐富物種，春賞杜鵑夏賞桐花，最是愜意。,"['一邊', '步道', '帶上', '娃兒', '平緩', '不僅', '芬多精', '還能', '發現', '豐富', '物種', '春賞', '杜鵑夏賞', '桐花', '愜意', '踏青', '最是', '大口', '山中', '呼吸']"
齋明寺古道,大溪區,古道入口處位於齋明寺旁，現已不見信徒跪叩前行朝聖的畫面，轉而是三三兩兩健走的遊客，在青青古木環繞下，享受林蔭下的愜意。,"['明寺', '處位', '現已', '不見', '朝聖', '畫面', '三三兩', '兩健', '遊客', '環繞', '林蔭下', '愜意', '跪叩', '古木', '古道', '青青', '信徒', '入口', '前行', '享受', '而是']"
御成路古道,大溪區,這條距離大溪老城區不遠的賞桐秘道，不只是自然景色值得玩味，還蘊藏著昔日東宮太子訪台、桃園大圳開鑿的故事，待你來探秘。,"['這條', '距離', '區不遠', '賞桐', '秘道', '還蘊藏', '東宮', '訪台', '桃園', '大圳開', '探秘', '玩味', '大溪', '老城', '景色', '昔日', '太子', '故事', '值得', '自然', '只是']"
富田香草休閒農場(富田花園農場),大溪區,一池湖水倒映藍天白雲、漫步彩虹花田寫下四季序曲、光看就療癒的人氣小動物…，在富田，隨心所欲架上鏡頭就是一張風格美拍！,"['富田', '藍天白', '花田寫', '光看', '就療', '人氣', '小動物', '隨心', '鏡頭', '一張', '風格美', '倒映', '所欲', '序曲', '漫步', '彩虹', '架上', '四季', '湖水', '就是']"
李騰芳古宅,大溪區,大有來頭的舉人宅邸，可是連格局、風水、雕飾都相當講究，來睜大眼找找藏在細節的建築密碼，你會發現古人遠比你想得還有智慧！,"['來頭', '舉人', '風水', '雕飾', '相當', '講究', '來睜大眼', '細節', '建築', '密碼', '你會', '發現', '遠比', '宅邸', '大有', '古人', '智慧', '格局', '可是']"
大溪老街,大溪區,玩味巴洛克建築語彙、來老商行體驗傳統木藝、古廟參拜關聖帝君、品味老字號豆干…，要認識大溪老城區文化，就從百年街屋開始。,"['建築語', '體驗', '傳統', '木藝', '古廟', '參拜', '關聖', '老字號', '認識', '街屋', '開始', '玩味', '大溪', '帝君', '巴洛克', '老城', '商行', '品味', '百年', '文化']"
金蘭醬油博物館,大溪區,瞧瞧超過一甲子的｢醬油黑歷史｣、嚐嚐醬油冰淇淋的鹹甜好滋味、動動手作醬粕香皂、童心噴發彩繪醬油瓶，好吃好玩的醬油之旅，Let’s go！,"['一甲子', '超過', '歷史', '嚐嚐', '醬油', '動動', '手作', '醬粕', '噴發彩', '繪醬', 'Let', 'go', '油黑', '油瓶', '童心', '冰淇淋', '香皂', '好玩', '好吃', '滋味', '瞧瞧']"
東和音樂體驗館,大溪區,化身為音樂人的你，將親手製作屬於自己的樂器、組個熱血樂團、認識樂器的發聲原理，每一種體驗課程都超好玩又知識度十足！,"['音樂人', '將親', '樂器', '組個', '熱血樂團', '認識樂器', '發聲', '每一種', '體驗', '課程', '知識度', '好玩', '化身', '十足', '原理', '自己']"
龜山第一河濱公園,龜山區,騎單車沿水岸兜風，用輕快的節奏悠遊城市綠廊，是一種樂活方式﹔想要感受汗水淋漓的快感，三五好友籃球場、槌球揪一團，熱血十足。,"['單車', '兜風', '用輕快', '節奏', '悠遊', '綠廊', '一種', '樂活', '汗水淋漓', '籃球場', '一團', '熱血', '水岸', '三五', '快感', '好友', '十足', '想要', '感受', '城市', '方式']"
五酒桶山步道,蘆竹區,爬過重重石階後的獎賞，就是一登觀景台，遠眺飛機起降、漁船入港，一次擁有海陸空無敵視野，季節對了還有櫻花、芒花相伴。,"['爬過', '石階後的', '獎賞', '一登', '觀景台', '遠眺', '飛機', '漁船', '擁有', '海陸空', '敵視野', '季節', '櫻花', '芒花', '入港', '起降', '相伴', '重重', '一次', '就是']"
台灣高鐵桃園站,中壢區,與桃園捷運共構的高鐵桃園站，其每日平均進出站人次大約4萬人，相較於北台灣其他車站，僅次於台北站，交通樞紐地位特別重要。,"['桃園', '捷運共構', '高鐵桃園', '進出', '大約', '萬人', '相較', '車站', '僅次', '樞紐', '特別', '北台', '人次', '台北', '每日', '交通', '地位', '平均', '其他', '重要']"
林家古厝休閒農場,觀音區,百年三合院加上萬坪蓮花田，讓你一邊體驗最接地氣的農村風土之餘，還能一邊享用蓮花料理、IG照拍好拍滿，樂當鄉土系吃播網美。,"['一邊', '土系', '三合院', '萬坪', '蓮花田', '體驗', '氣的', '農村', '風土', '之餘', '還能', '蓮花', 'IG', '照拍', '樂當鄉', '吃播', '網美', '接地', '享用', '料理', '百年', '加上']"
蓮荷園休閒農場,觀音區,夏日限定的大王蓮水上漂、唯美蓮池盪鞦韆，另類玩法不能錯過！園內還有販售蓮子剉冰、荷葉炒米粉等特色料理，鹹甜都對你的味！,"['蓮池盪', '另類', '錯過', '園內', '販售', '蓮子', '荷葉', '水上漂', '米粉', '唯美', '玩法', '夏日', '限定', '料理', '大王', '特色', '不能']"
九斗休閒農場,新屋區,最適合全家人的綠色樂園，不只提供近距離認識有機栽種的場域，還可大玩大地遊戲﹔拔河、搖滾車競速、生存遊戲、高空探索，刺激又好玩！,"['遊戲', '適合', '綠色樂園', '認識', '有機', '栽種', '場域', '還可大', '搖滾車', '競速', '拔河', '近距', '好玩', '全家人', '高空', '大地', '探索', '生存', '刺激', '提供']"
溪口台地,復興區,溪口台地是大漢溪流域的河階地，美麗的溪谷景致猶如蔣公故鄉，而聯絡角板山與溪口台地交通的新溪口吊橋，就是當地最知名的地標。,"['溪口', '台地', '大漢溪', '河階地', '美麗', '猶如', '蔣公故', '聯絡', '角板', '吊橋', '當地', '地標', '溪谷', '景致', '知名', '流域', '交通', '就是']"
蓮座山觀音寺,大溪區,廟宇精緻的龍柱、石雕、泥塑、交趾陶等建築裝飾，古樸又顯生氣，與百年老榕樹相呼應，廟前廣場可遠眺大漢溪河階地貌，極為壯闊。,"['廟宇', '陶等', '建築', '裝飾', '古樸', '顯生氣', '榕樹', '相呼應', '廟前', '廣場', '可遠', '眺大漢', '極為', '壯闊', '百年老', '溪河', '交趾', '泥塑', '石雕', '地貌']"
光泉牛奶園地（大園廠）,大園區,剛擠出來的牛奶要經過多少繁複的製造過程才會成為香醇的鮮奶呢﹖館內導覽人員將帶你參觀生產線，並以詳盡的解說為你一一解惑。,"['剛擠', '出來', '經過', '鮮奶', '內導覽', '人員將', '參觀', '生產線', '並以', '詳盡', '解說', '香醇', '解惑', '牛奶', '一一', '多少']"
金車咖啡文教館,中壢區,從咖啡豆的精心挑選、掌握最佳烘焙程度、到最終的設計包裝，走逛每個生產環節，就能明白成就一杯香醇咖啡有多麼不簡單！,"['挑選', '最終', '設計', '包裝', '每個', '生產', '環節', '有多麼', '簡單', '咖啡豆', '烘焙', '香醇', '精心', '咖啡', '一杯', '最佳', '成就', '掌握', '明白', '程度']"
八德埤塘自然生態公園,八德區,超大草皮加上和煦陽光就能成就一場美好的湖畔野餐約會，除了享受美景美食之外，一旁還有水鳥野鴨優雅經過，打造濃濃鄉村風。,"['陽光', '一場', '約會', '水鳥野', '優雅', '經過', '濃濃鄉', '村風', '野餐', '和煦', '草皮', '超大', '美景', '湖畔', '美食', '美好', '打造', '一旁', '成就', '享受', '之外', '加上', '除了']"
青塘園,中壢區,陪孩子散步河堤木棧道賞荷花、觀察濕地生態，探索大自然的奧妙絕對令人不無聊，午後就在湖畔草地席地野餐，悠閒又唯美。,"['木棧', '道賞', '觀察濕', '生態', '奧妙絕', '不無聊', '午後就', '悠閒', '席地', '野餐', '唯美', '湖畔', '荷花', '河堤', '散步', '草地', '大自然', '探索', '令人', '孩子']"
桃園藝文廣場,桃園區,大片綠地讓人只是在晨光下散步也能備感療癒，由不規則形狀的紅色大門通往別具｢藝｣思的表演世界，總是能令人滿載而歸。,"['綠地', '能備', '感療', '規則', '形狀', '紅色', '大門', '別具', '總是', '滿載', '晨光', '散步', '通往', '大片', '表演', '令人', '只是', '世界']"
蘆竹五福宮,蘆竹區,從路口牌樓到寺廟外觀，華麗裝飾精緻又不失莊嚴、百年天爐裊裊香煙，祈財求福的許願上達天聽﹔不論是巡禮廟宇工藝或是參拜，都十分充實。,"['牌樓', '外觀', '華麗裝飾', '莊嚴', '天爐', '裊裊', '香煙', '祈財求', '許願', '達天', '不論', '巡禮廟', '宇工藝', '參拜', '充實', '不失', '百年', '路口', '或是', '十分']"
壽山巖觀音寺,龜山區,雕塑秀麗的殿宇搭上小橋流水，令人彷彿置身中國宮廷，而當初春時節，則成了旅人追櫻的熱門去處，點點櫻花滿開，為莊嚴的廟宇添了幾許悠然。,"['秀麗', '小橋', '中國', '宮廷', '而當', '時節', '則成', '追櫻', '熱門', '點點', '櫻花', '滿開', '莊嚴', '宇添', '幾許', '旅人', '悠然', '初春', '置身', '殿宇', '搭上', '雕塑', '流水', '令人']"
大溪齋明寺,大溪區,靜靜欣賞古樸寺院中的老樹、花木和每一隅的建築細節，是虔心禮佛、禪修之餘，另外一種讓心靈跳脫平時煩憂，全然舒放的良方。,"['舒放', '靜靜', '欣賞', '古樸', '老樹', '建築', '細節', '禮佛', '禪修', '之餘', '一種', '心靈', '脫平時', '煩憂', '虔心', '良方', '一隅', '全然', '花木', '寺院', '另外']"
小烏來天空步道,復興區,凌空漫步70公尺高透明廊道，嘩啦啦溪水、超廣角視野，叫人腳趾都發麻！完成挑戰後，還有50公噸風動石定格秀，讓旅程驚嘆再一波。,"['70', '超廣角', '視野', '發麻', '挑戰', '50', '公噸', '風動石', '驚嘆', '廊道', '定格', '公尺', '旅程', '漫步', '溪水', '凌空', '一波', '透明', '完成']"
原住民族文化會館,大溪區,關於認識原住民文化的各類小常識，逛逛館內豐富的文物館藏能讓你收穫滿滿，欣賞活力十足的傳統舞蹈表演和參與部落慶典也是值得推薦。,"['原住民', '關於', '認識', '各類', '小常識', '館內', '豐富', '館藏能', '滿滿', '欣賞', '傳統', '慶典', '推薦', '逛逛', '十足', '活力', '舞蹈', '文物', '部落', '表演', '值得', '文化']"
佳安里(石門十一份),龍潭區,把家中毛小孩帶上，在超大草坪上奔跑踢球、抬頭欣賞飛翔於高空的風箏，好不愜意！初夏五月桐花盛開如皚皚白雪，則是另一種風景。,"['帶上', '抬頭', '欣賞', '飛翔', '風箏', '愜意', '桐花', '盛開', '如皚皚', '則是', '一種', '風景', '踢球', '超大', '初夏', '草坪', '奔跑', '白雪', '高空', '小孩', '五月', '家中']"
觀音濱海遊憩區,觀音區,踏浪堆沙、發現寄居蟹、小螃蟹的沙灘蹤跡，伴著海潮之聲看大風車轉啊轉、欣賞夕陽西下的動容美景…為身心靈再次充飽元氣。,"['踏浪', '堆沙', '發現', '伴著', '之聲', '看大風車', '轉啊轉', '欣賞', '夕陽', '動容', '充飽元氣', '西下', '寄居蟹', '螃蟹', '美景', '海潮', '身心', '再次']"
大溪河濱公園,大溪區,綠油油的草地和各式各樣的遊戲設施，都好像在邀請你快來玩耍，你可以盡情跑跳，當然也可以找個蔭涼處野餐賞落羽松，從容製造小確幸。,"['油油的', '跑跳', '各樣', '遊戲', '設施', '盡情', '當然', '找個', '蔭涼處', '賞落', '羽松', '野餐', '各式', '玩耍', '草地', '好像']"
宏亞巧克力共和國,八德區,課本學不到的巧克力冷知識全部告訴你﹔好玩的DIY工坊教你製作獨一無二的甜點、把廢酒瓶變成藝術品，一起進入巧克力的夢想國度吧！,"['巧克力', '課本學', '冷知識', '告訴', 'DIY', '工坊', '變成', '藝術品', '進入', '國度', '酒瓶', '好玩', '不到', '全部', '一起']"
經國紀念館﹙大溪遊客中心﹚,大溪區,館內收藏的珍貴史料﹣親筆家書、專用座車、與國際政要的合影…引領旅人從多面向認識經國先生﹔館內另有旅遊諮詢服務，初訪者也能玩得盡興。,"['館內', '珍貴', '親筆家書', '專用', '座車', '國際', '引領', '認識', '經國', '旅遊諮詢', '服務', '初訪者', '盡興', '旅人', '政要', '合影', '史料', '收藏', '面向', '先生']"
老街溪河川教育中心,中壢區,究竟南桃園的人文發展，和這條母親之河有什麼樣的關聯﹖老街溪又是如何擺脫｢臭名｣，成為環教熱點﹖讓我們來館內看下去！,"['南桃園', '發展', '這條', '母親', '之河', '什麼樣', '關聯', '擺脫', '成為', '環教', '熱點', '我們', '來館', '臭名', '老街', '人文', '究竟', '下去', '如何']"
江記豆腐乳文化館,中壢區,融合現代技術與代代相傳的陳釀風味，江記把餐桌上的配角轉變為文化的展現﹔館內特別提供豆腐乳DIY，邀您一起感受匠人手作精神。,"['現代技術', '相傳', '釀風味', '江記', '轉變', '展現', '館內', '特別', 'DIY', '手作', '豆腐乳', '代代', '配角', '餐桌上', '匠人', '融合', '感受', '精神', '文化', '一起', '提供']"
太平洋自行車博物館,新屋區,館內展示超過來自世界各國200台的自行車，使旅人透視全球日新月異的自行車科技之外，還可以現場試乘，體驗駕馭新型車款的快感。,"['自行', '館內', '超過', '各國', '200', '透視', '現場', '試乘', '體驗', '駕馭', '車款', '旅人', '快感', '展示', '新型', '新月', '之外', '科技', '全球', '世界']"
巴陵古道生態園區,復興區,要認識巴陵的明媚風光，園區內的蝴蝶館、甲蟲館、闊葉林館，以及地質館等四座館舍，讓你爬山不再走馬看花，深度領略山林美好。,"['巴陵', '認識', '風光', '園區', '甲蟲館', '闊葉林館', '地質館', '館舍', '走馬', '領略', '看花', '四座', '爬山', '明媚', '蝴蝶', '山林', '美好', '深度', '不再', '以及']"
桃園1-4號生態埤塘,桃園區,在落羽松、海桐、楊柳的環抱之下，散步在環池步道成了一種悠然享受，而駐足木棧平台賞飛鳥點水而過、嬌豔的香水蓮盛開，則是分外愜意。,"['步道', '海桐', '落羽松', '楊柳', '環抱', '環池', '一種', '駐足', '木棧', '賞飛', '鳥點', '水而過', '蓮盛開', '則是', '愜意', '悠然', '香水', '散步', '分外', '享受', '平台', '之下']"
好時節休閒農場 (好時節農莊),大溪區,來到開心農場真實版，怎麼能錯過與梅花鹿、山羊互動的好機會﹖還有令人興奮的龍眼木窯烤披薩DIY，零廚藝也能晉升小廚神。,"['開心', '農場', '實版', '怎麼', '錯過', '互動', '機會', '興奮', '眼木窯', '披薩', 'DIY', '廚藝', '晉升', '廚神', '梅花鹿', '山羊', '令人']"
老街溪水岸自行車道,平鎮區,老街溪真的不一樣了！3.6公里的親水車道，一路串聯新勢公園、河川教育中心、伯公壇等景點，隨時上路都能展開一場美好｢騎｣遇。,"['不一樣', '3.6', '親水車', '串聯新勢', '公園', '伯公', '景點', '隨時', '能展', '開一場', '老街', '河川', '上路', '美好', '一路', '公里', '教育', '真的', '中心']"
新勢公園,平鎮區,無論你是想踩上滑板大展身手、攀岩場上大秀肌肉、與姊妹淘在野餐墊上大嗑美食、或是讓孩子大發玩心，這裡就是你的大遊藝場！,"['玩心', '無論', '場上', '大秀', '淘在', '大發', '這裡', '大遊', '藝場', '大展身手', '滑板', '攀岩', '野餐', '美食', '姊妹', '肌肉', '或是', '孩子', '就是']"
大古山步道,蘆竹區,從步道入口到觀景台不到1公里就能坐擁制高視角，春天野百合盛開，讓旅途更添驚喜﹔黃昏後繽紛夜色登場，則是令一種微醺風景。,"['野百合', '步道', '微醺', '觀景台', '擁制', '高視角', '盛開', '驚喜', '昏後繽紛', '登場', '則是', '一種', '風景', '更添', '旅途', '夜色', '入口', '春天', '公里', '不到']"
羊稠森林步道,蘆竹區,綠林內的甲蟲擂台、穿山甲的秘密基地…健走之餘，欣賞生態大展演是一定要的，至高點還有海陸空霸氣視野迎接你，旅程超充實！,"['展演', '綠林內', '甲蟲', '健走', '之餘', '欣賞', '生態', '高點', '海陸', '空霸', '氣視野', '超充實', '擂台', '旅程', '穿山甲', '迎接', '秘密', '基地', '一定']"
長流當代美術館(桃園館),蘆竹區,致力推廣藝術，並將美的思維融入日常生活，是該館從始至終不變的理念，館內收藏多件華人藝術家之珍貴畫作，堪為地方上的文化寶庫。,"['推廣藝術', '並將', '美的', '思維', '該館', '從始', '終不變', '館內', '華人', '藝術家', '珍貴', '畫作', '堪為', '寶庫', '多件', '致力', '融入', '日常生活', '收藏', '理念', '文化', '地方']"
龍情‧魔幻豆子主題館,大溪區,來跟花生家族把堅果小知識學起來，超好玩的製糖小學堂和棉花糖DIY，打造與孩子的甜品精心時光，最後再到伴手禮區買一波，開心吃甜甜。,"['堅果', '知識學', '起來', 'DIY', '時光', '最後再', '伴手', '禮區', '開心', '甜品', '甜甜', '好玩', '精心', '一波', '花生', '打造', '家族', '棉花', '孩子']"
祥儀機器人夢工廠,桃園區,機器人大戰鋼鐵擂台、機器人曲棍球大賽、活靈活現的三太子機器人…超多互動體驗，搭上合力DIY組裝機器人，邊玩邊學樂趣十足！,"['機器', '戰鋼', '大賽', '活靈', '活現', '超多', '互動', '體驗', 'DIY', '組裝', '邊玩邊', '學樂趣', '擂台', '曲棍球', '三太子', '合力', '人大', '十足']"
卡司‧蒂菈樂園（金格觀光工廠）,蘆竹區,烤餅乾、彩繪薑餅屋，親子動動手，夢幻甜點自己做，再來參觀長崎蛋糕生產線、學習實用的食安常識，陪孩子一起長飲食小知識。,"['安常', '烤餅', '彩繪', '餅屋', '親子', '動動手', '夢幻', '甜點', '再來', '參觀長', '生產線', '學習', '實用', '飲食', '知識', '蛋糕', '孩子', '一起', '自己']"
興仁夜市,八德區,想要大啖各路料理的就來美食天地，想要玩遊戲買衣服的就來歡樂王國，分區規劃更好逛，區內還設有遮雨棚，就算下雨也能開心逛夜市！,"['美食天地', '想要', '玩遊戲', '歡樂', '王國', '分區', '規劃', '區內', '還設', '遮雨棚', '開心', '夜市', '下雨', '料理', '各路', '就算', '更好', '衣服']"
霄裡大池(霄裡池),八德區,匯聚了自然綠意與悠久人文，6甲大的霄裡大池百餘年來灌溉著八德南區的農田，如天空之鏡的池面映照著天光雲影，靜看也是享受。,"['匯聚', '綠意', '甲大', '霄裡', '大池', '百餘年', '八德', '南區', '農田', '之鏡', '池面', '雲影', '靜看', '天光', '映照', '悠久', '人文', '灌溉', '天空', '享受', '自然']"
許厝港濕地,大園區,北台灣最大的海岸型濕地、野鳥迷必收的追鳥熱點，超過200種水鳥在此棲息、覓食﹔每年秋冬之際，上千隻水鳥現蹤，絕對值得一睹盛況。,"['濕地', '野鳥', '迷必收', '追鳥', '熱點', '超過', '200', '種水鳥', '此棲息', '覓食', '之際', '水鳥', '絕對', '盛況', '北台', '一睹', '上千', '秋冬', '海岸', '值得', '每年', '最大']"
大溪老茶廠,大溪區,在和洋融合的風格建築中，用啜飲一杯東方美人茶的時間，和友人一同談天說地，細細領略韶光靜好的悠然，就是最好的回甘滋味。,"['韶光', '風格', '建築', '東方', '時間', '談天', '細細', '領略', '靜好', '回甘', '悠然', '友人', '美人', '滋味', '一杯', '一同', '融合', '最好', '就是']"
馬祖新村眷村文創園區,中壢區,乘載軍眷日常的屋舍，隨著歲月更迭，成了推廣質感生活的創意基地﹔不定期舉辦的市集、名人講座、選物分享，帶你走進諸般好時光。,"['乘載', '軍眷', '隨著', '推廣質', '創意', '舉辦', '講座', '選物', '進諸般', '時光', '屋舍', '市集', '不定期', '更迭', '名人', '分享', '日常', '基地', '生活']"
中壢觀光夜市,中壢區,全長700公尺、超過400攤，蒐羅各式銅板美食，讓你花小錢就能遍嚐特色小吃，吃飽喝足就要開啟購物模式，輕鬆買齊當季行頭。,"['特色小吃', '全長', '700', '超過', '400', '銅板', '花小錢', '喝足', '開啟', '購物', '公尺', '美食', '各式', '模式', '就要']"
中原商圈 (中原夜市),中壢區,有令你熟悉的在地小吃，也有大玩混搭的創意美食，華燈初上時，整座夜市一路飄香，只要你｢肚量｣夠大，歡迎過足你的吃貨癮。,"['有令', '創意', '華燈', '飄香', '夠大', '歡迎', '過足', '貨癮', '肚量', '夜市', '小吃', '整座', '美食', '熟悉', '一路', '只要']"
中平路商圈,中壢區,中壢火車站前一級逛街陣地，走一波就能把永遠都少一件衣服的衣櫃補好補滿，也可順道享受一段美味時光，古早味、異國料理，應有盡有。,"['中壢', '火車', '一級', '陣地', '永遠', '衣櫃', '補好', '補滿', '順道', '時光', '古早', '異國', '應有', '盡有', '逛街', '美味', '料理', '一波', '享受', '一段', '衣服', '一件']"
羊世界牧場,中壢區,小孩才做選擇！這裡是老饕必插旗的羊肉料理據點，也是能和萌寵動物同框的親子樂園，輕鬆搞定你旅行的二個願望，沒那麼困難！,"['選擇', '這裡', '插旗', '據點', '萌寵動物', '同框', '親子', '樂園', '二個', '願望', '那麼', '困難', '搞定', '羊肉', '料理', '旅行', '小孩']"
桃園觀光夜市,桃園區,在地人從小吃到大的花枝羹、蚵仔煎、古早味愛玉，還有大阪燒、韓式炸雞、越南河粉…等異國美味，中外大比拚，看看誰是你心頭好！,"['古早', '味愛玉', '韓式', '炸雞', '河粉', '異國', '心頭', '大比', '花枝', '小吃', '大阪', '美味', '中外', '越南', '看看']"
孔廟,桃園區,以中國宮殿為藍本的孔廟，建築風格莊嚴帶有尊榮感，建造細節皆遵循古制，表現崇尚至聖先師的意涵，每年教師節依例舉行祭孔大典。,"['以中國', '宮殿', '藍本', '孔廟', '建築', '風格莊', '嚴帶', '尊榮感', '細節', '古制', '表現', '至聖', '先師', '意涵', '教師節', '舉行', '祭孔大典', '依例', '崇尚', '遵循', '建造', '每年']"
虎頭山環保公園,桃園區,一閃一閃亮晶晶，璀璨燈火放光明！市區賞夜景激推熱點，讓你不必登百岳，也不必考驗自己的腿力，就能一睹夕陽無限好的絕美景致。,"['一閃', '腿力', '不必', '燈火放', '市區賞', '激推熱點', '登百岳', '考驗', '夕陽', '無限好', '絕美', '一睹', '夜景', '亮晶晶', '璀璨', '景致', '光明', '自己']"
楓樹坑,龜山區,面向田野，讓感官被遠處的山、吹拂的風、眼前的綠而喚醒，接著在百年楓香樹下打卡，記錄邂逅另一條伯朗大道的心情記事。,"['打卡', '遠處', '喚醒', '接著', '楓香樹下', '記錄', '條伯朗', '記事', '吹拂', '邂逅', '感官', '田野', '百年', '面向', '大道', '心情', '眼前']"
忠貞商圈,中壢區,最道地的滇緬好滋味吃飽吃滿，米干、大薄片、檸檬魚，全部來一輪，必需加入行事曆的龍岡米干節，讓你嚐美食之餘還深入金三角文化，大推！,"['最道', '緬好', '檸檬魚', '一輪', '龍岡米', '干節', '之餘還', '金三角', '薄片', '美食', '滋味', '必需', '行事', '深入', '加入', '文化', '全部']"
比亞外部落,復興區,世外桃源真實版就在這座高海拔的泰雅部落，想體會郊野的美，從踏查友善耕作、自給自足的族人生活之道，到邂逅藍腹鷴，都是極佳之選。,"['泰雅', '踏查', '真實版', '這座', '想體', '自給', '藍腹鷴', '極佳', '之選', '自足', '郊野', '世外桃源', '邂逅', '友善', '族人', '耕作', '之道', '部落', '海拔', '生活']"
義興吊橋,復興區,站上桃園唯一的水管橋，徜徉在蔚藍天空和大漢溪谷之間，15層樓高的高度，有點刺激又有點療癒，讓人跨足一步也忍不住心跳加快！,"['桃園', '大漢', '之間', '15', '層樓', '有點', '點療', '跨足', '徜徉', '溪谷', '水管', '心跳', '站上', '天空', '忍不住', '一步', '高度', '唯一', '加快', '刺激']"
稻米故事館,新屋區,來到北台灣的｢米都｣，走訪這棟超過80年歷史的舊穀倉，參觀百年碾米機、欣賞老建築風采、認識代代相傳的米食文化，包你滿載而歸。,"['食文化', '灣的', '走訪', '這棟', '超過', '80', '歷史', '參觀', '欣賞', '老建築', '風采', '認識', '相傳', '滿載', '北台', '代代', '碾米', '百年']"
富岡老街,楊梅區,小而美的老街上，浮雕細緻且華麗的巴洛克洋樓、擁有近百年歷史的磚砌十連棟，都是耐人尋味的富岡印記，記錄著小鎮昔日的繁華歲月。,"['小而', '美的', '洋樓', '擁有', '歷史', '磚砌', '十連棟', '耐人', '尋味', '富岡', '印記', '記錄', '著小鎮', '繁華歲', '巴洛克', '浮雕', '百年', '昔日', '街上']"
秀才登山步道,楊梅區,老少咸宜的平緩柏油路、495階腳勤人專屬天梯，2款路線任君挑選，沿途俯視層層茶園景致加上四季輪轉的芒花、桐花，也是種享受。,"['老少咸宜', '平緩', '495', '階腳勤', '專屬', '款路線', '任君', '挑選', '俯視', '層層', '茶園', '輪轉', '桐花', '是種', '天梯', '柏油路', '景致', '沿途', '四季', '享受', '加上']"
大平橋,龍潭區,曾獲選為台灣歷史建築百景，在地人口中的糯米橋，紅磚橋身倒影在打鐵坑溪，融合周邊的農村風景，別有一番優雅古意。,"['百景', '獲選為', '台灣', '歷史', '建築', '紅磚', '橋身', '打鐵坑', '周邊', '農村', '風景', '別有', '優雅', '古意', '倒影', '糯米', '融合', '一番', '人口']"
憲光二村,龜山區,走訪全桃園唯一的憲兵宿舍，裝載歲月的老皮箱、連排黑瓦平房、飄揚的國旗、老榕樹下的鞦韆...，拼湊記憶中光陰的故事。,"['走訪', '全桃園', '憲兵', '裝載', '連排', '飄揚', '國旗', '老榕', '樹下', '...', '拼湊', '記憶', '中光', '黑瓦', '皮箱', '平房', '宿舍', '故事', '唯一']"
眷村故事館,龜山區,舊皮箱、縫紉機、黑膠唱片、黑白電視機…穿梭眷村客廳、雜貨店，每一件看似不起眼的生活物品，都是一個個50﹣60年代的動人故事。,"['縫紉機', '黑膠', '電視機', '眷村', '客廳', '雜貨店', '一個', '50', '60', '動人', '每一件', '不起眼', '皮箱', '穿梭', '唱片', '黑白', '看似', '物品', '故事', '年代', '生活']"
GFun機能生活館,觀音區,機能布料可不是噱頭，歡迎來館內｢風雨體驗走廊｣、｢伸展體驗活動區｣、｢機能體驗DIY｣，就能明白NIKE、愛迪達為何如此愛用。,"['體驗', '機能', '噱頭', '歡迎', '來館', '風雨', '活動區', 'DIY', 'NIKE', '愛迪達', '為何', '愛用', '布料', '伸展', '走廊', '可不是', '明白', '如此']"
巴陵橋_巴陵大橋_巴陵舊橋,復興區,慢步沒有車輛干擾的舊橋隧道感受濃濃泰雅風情，或是在粉得很亮眼的新橋，把大漢溪谷的美好好看盡，雙橋雙玩法，兩種都很推！,"['泰雅', '沒有', '車輛', '干擾', '舊橋', '濃濃', '風情', '新橋', '大漢', '雙橋雙', '兩種', '慢步', '亮眼', '玩法', '溪谷', '美好', '隧道', '好看', '感受', '或是']"
竹圃茶園小木屋休閒農場,蘆竹區,翠綠的茶園與結實累累的稻田，是園區中耐人尋味的美景，還有時節限定的桐花、櫻花、落羽松，歡迎來作客的你，一同感受當季。,"['翠綠', '茶園', '結實', '園區', '中耐人', '尋味', '時節', '桐花', '櫻花', '落羽松', '歡迎', '當季', '累累的', '作客', '美景', '稻田', '限定', '一同', '感受']"
戀戀空港灣休閒農場,蘆竹區,快揪上你的好友一同來當一日小農，體驗葡萄套袋、鮮採諾麗果、動手製作果醋、認識友善農法，各種玩樂兼學習的行程，保證令你印象深刻。,"['套袋', '來當', '小農', '體驗', '採諾麗果', '認識', '農法', '各種', '玩樂', '兼學習', '保證令', '友善', '好友', '行程', '葡萄', '一同', '印象', '一日', '深刻']"
泉園休閒農場,蘆竹區,跟著園主種樹、種野百合、種綠竹筍、培育葡萄，自然農法初體驗，讓久居城市的你重新找回擁抱大自然的悸動，還能學一波中草藥小知識。,"['野百合', '著園', '主種', '種綠竹筍', '農法', '初體驗', '擁抱', '悸動', '還能', '學一波', '中草藥', '知識', '久居', '找回', '大自然', '葡萄', '培育', '重新', '自然', '城市']"
耀輝牧場,楊梅區,還記得第一次拿牧草餵小牛，既緊張又興奮的心情嗎﹖來、來、來，重溫你的孩提回憶之外，同場超展開你的農事技能，超Chill！,"['還記', '緊張', '興奮', '重溫', '回憶', '同場', '超展', '農事', 'Chill', '孩提', '小牛', '牧草', '技能', '心情', '之外', '第一次']"
圓光禪寺,中壢區,中壢市郊頗富盛名的古剎，格局恢弘的殿宇和中式園林，構成一幅清幽的景致，寺院不乏旅人漫步的行蹤，感受遠離塵囂的寧靜。,"['中壢', '頗富', '古剎', '園林', '構成', '遠離', '塵囂', '寧靜', '恢弘', '旅人', '清幽', '中式', '漫步', '殿宇', '景致', '盛名', '市郊', '不乏', '寺院', '一幅', '感受', '格局']"
中壢仁海宮,中壢區,堪稱為南桃園信仰中心的仁海宮，恢弘氣派的百年廟殿供奉千年沉香媽祖，在冉冉昇起的香煙中，聆聽著善男信女的真誠祈願。,"['堪稱', '南桃園', '仁海宮', '氣派', '廟殿', '媽祖', '香煙', '祈願', '恢弘', '善男信女', '沉香', '冉冉', '供奉', '百年', '千年', '信仰', '中心']"
大溪木藝生態博物館﹣壹號館,大溪區,舞龍隊整齊列隊、藝師專注創作、學徒練習抬轎、大仙尪仔威武出巡…一個個小巧可愛的木偶，生動展示大嵙崁悠遠又濃厚的人文風采。,"['舞龍隊', '整齊', '列隊', '藝師', '專注', '創作', '學徒練習', '一個', '可愛的', '生動', '悠遠', '濃厚', '風采', '出巡', '木偶', '大仙', '小巧', '威武', '人文', '展示']"
樂天桃園棒球場,中壢區,以國際級規格打造、北台灣人氣超夯的棒球場，不只是熱血球賽的競技殿堂，也曾是五月天、槍與玫瑰等樂團開唱的搖滾舞台。,"['血球', '以國際級', '規格', '灣人氣', '超夯', '競技', '等樂團', '開唱', '搖滾', '北台', '五月天', '棒球', '殿堂', '玫瑰', '舞台', '打造', '只是']"
中平路故事館,中壢區,1930年興建的雙併日式建築，承載著兩家人的生活印記，時至今日，轉而成為認識在地常民日常的｢城市文化客廳｣，讓老屋的故事繼續延續下去。,"['1930', '年興', '建的雙', '建築', '承載', '印記', '時至', '轉而成', '認識', '地常民', '客廳', '繼續', '延續', '日式', '老屋', '日常', '家人', '故事', '下去', '文化', '今日', '城市', '生活']"
楓樹腳公園,八德區,綠樹林立、占地3.5公頃的園區，規劃有自行車道、向陽草坪、光榮球場、麗景綠廊、亮彩廣場等休閒場域，是地方居民運動的熱門場地。,"['綠樹', '3.5', '公頃', '園區', '規劃', '車道', '向陽', '光榮', '球場', '麗景', '綠廊', '亮彩', '廣場', '休閒', '場域', '運動', '熱門場', '草坪', '林立', '占地', '自行', '居民', '地方']"
大園公園,大園區,想重拾盡情揮汗的暢快，槌球場、綠蔭步道等你熱血揪團來PK﹔想帶孩子放風玩耍，溜滑梯、攀爬架、搖搖馬，絕對比玩手機還好玩！,"['步道', '盡情', '暢快', '球場', '綠蔭', '熱血', '團來', 'PK', '想帶', '放風', '溜滑梯', '搖搖馬', '絕對', '玩手', '機還', '攀爬', '重拾', '好玩', '玩耍', '孩子']"
大溪埔頂公園,大溪區,公園內也可以玩高空溜索﹖這裡沒有罐頭遊具，有的是滾輪溜滑梯、樹屋遊戲區、共融式旋轉盤，為親子共遊時光製造無窮歡樂。,"['公園', '溜索', '這裡', '沒有', '罐頭', '遊具', '滾輪', '溜滑梯', '樹屋', '遊戲區', '共融式', '轉盤', '親子', '共遊時', '高空', '有的是']"
三坑自然生態公園,龍潭區,翠綠山色倒映在湖心，步上木棧道靜賞這片如詩風景，心也跟著悠然，途中想歇息，園裡的涼亭和遼闊草坪都是推薦的舒心去處。,"['翠綠', '步上', '木棧', '靜賞', '這片', '如詩', '風景', '園裡', '涼亭', '遼闊', '推薦', '倒映在', '山色', '悠然', '舒心', '湖心', '草坪', '歇息', '途中']"
大溪橋,大溪區,復古拱門、氣派雕花，巴洛克風格的大溪橋，不只是連接大漢溪的重要通道，也是欣賞崁津美景的絕佳據點，入夜後光雕閃耀，更添風采。,"['古拱門', '氣派', '風格', '連接', '大漢溪', '欣賞', '絕佳據點', '光雕', '閃耀', '風采', '更添', '大溪', '入夜', '巴洛克', '美景', '雕花', '通道', '只是', '重要']"
龍岡國旗屋,中壢區,雙十國慶來升旗、聽故事、吃米干，咀嚼來自滇緬的歲月之味，入口所嚐既是懷舊也是米食文化的傳承，這一碗平民美食，著實不簡單！,"['食文化', '雙十國慶來', '傳承', '著實', '簡單', '之味', '升旗', '美食', '咀嚼', '入口', '平民', '一碗', '故事']"
中壢六和商圈,中壢區,總使你陷入｢每一家都想吃｣的苦惱，要吃視覺系打卡甜點店、三五好友小酌很盡興的居酒屋、還是優雅慢食的新泰式料理﹖這問題恐怕不好解！,"['泰式', '打卡', '總使', '苦惱', '吃視', '覺系', '甜點', '盡興', '酒屋', '還是', '優雅慢', '這問題', '小酌', '三五', '好友', '料理', '陷入', '恐怕', '不好', '一家']"
龜山楓樹坑步道,龜山區,全程約3公里的步道，沿途自然林相豐富，除了各類常綠喬木，還有油桐、山櫻、山芙蓉、月桃、芒草等植物點綴四季風景，至高處可遠眺大棟山。,"['步道', '豐富', '各類', '常綠喬木', '山櫻', '月桃', '芒草', '點綴', '風景', '高處', '可遠', '眺大棟', '林相', '油桐', '芙蓉', '全程', '沿途', '四季', '公里', '植物', '除了', '自然']"
虎頭山公園,龜山區,想要親近山林不一定非要舟車勞頓，桃園市心後花園完善的步道系統，滿足想兜風、練腿力、賞桐花，或是來個生態之旅的你。,"['步道', '腿力', '親近', '舟車', '勞頓', '桃園市', '心後花園', '系統', '滿足', '賞桐花', '來個', '生態', '山林', '非要', '想要', '或是', '完善', '一定']"
大溪慈湖步道,大溪區,雖然總里程迷你，卻是一條熱門步道，就算你不是健走咖，也可以在當中享受漫步林蔭、欣賞湖光山色的清幽，一路輕鬆抵達陵寢。,"['步道', '雖然', '一條', '熱門', '健走', '當中', '林蔭', '欣賞', '湖光山色', '迷你', '清幽', '漫步', '里程', '就算', '享受', '一路', '不是']"
小烏來天空繩橋,復興區,別擔心，橋雖搖晃，但你不會掉到地上！走在70公尺長、離地50公尺的繩橋，縱橫大利幹溪谷之際，一邊遠眺神秘瀑布，驚險又好玩。,"['公尺', '擔心', '橋雖搖晃', '不會', '70', '離地', '50', '繩橋', '縱橫', '之際', '一邊', '遠眺', '驚險', '大利', '溪谷', '好玩', '瀑布', '神秘', '地上']"
龍岡清真寺,中壢區,北台灣重要的伊斯蘭信仰中心，翡翠色的建築外觀象徵崇尚和平，室內設有男女禮拜殿、念經室、接待室，提供信徒虔心參拜的空間。,"['翡翠色', '建築外', '觀象', '內設', '禮拜殿', '念經室', '參拜', '空間', '北台', '接待室', '伊斯', '虔心', '崇尚', '信徒', '信仰', '男女', '和平', '中心', '提供', '重要']"
新街國小日式宿舍群,中壢區,隱身校園內的木造屋舍，彷彿將時間倒流到昭和舊日，不如就好好善用這復古氛圍，席坐外廊聽風看雲朵，春天粉櫻滿開，更顯浪漫。,"['外廊', '隱身', '校園', '木造', '將時間', '舊日', '古氛', '聽風', '看雲朵', '粉櫻', '滿開', '更顯', '昭和', '屋舍', '倒流', '善用', '浪漫', '春天', '好好', '不如']"
中壢老街溪步道、新街溪步道,平鎮區,綿延數公里的步道盡是盎然綠茵，春日還有櫻花點綴﹔淙淙溪水清澈見底，不時能見白鷺鷥、翠鳥等蹤影，豐富生態令人無比驚艷。,"['步道', '綿延數', '盡是', '綠茵', '櫻花點', '見底', '不時', '白鷺鷥', '翠鳥', '豐富', '生態', '無比', '驚艷', '淙淙', '春日', '盎然', '溪水', '清澈', '令人', '公里']"
三龜戲水,復興區,登上崖邊觀景台，一眺玉峰溪與三光溪匯聚的河谷地景，酷似龜背的山巒和蜿蜒的河道，是來訪巴陵地區最具代表性的美景之一。,"['巴陵', '崖邊', '觀景台', '一眺', '溪匯', '地景', '山巒', '來訪', '地區', '三光', '玉峰', '美景', '酷似', '蜿蜒', '最具', '代表性', '登上', '河道', '河谷', '之一']"
大慶洞,大溪區,超擬真3D彩繪，讓你綜覽大溪之美﹔和平老街、大溪橋、武德殿、農特產、百年商行，華麗色彩盡顯老城區風姿，真的是別有｢洞｣天！,"['大溪', '超擬', '3D', '彩繪', '綜覽', '之美', '武德殿', '農特產', '華麗', '盡顯', '區風姿', '老街', '老城', '商行', '百年', '色彩', '和平', '真的']"
爺亨梯田,復興區,遠觀層層疊疊超過1200層的梯田，蜿蜒線條整齊劃一，景緻動人﹔當地除了溫泉頗具盛名，紅娘芭樂和媽媽桃則是最佳伴手禮。,"['遠觀層', '層疊疊', '超過', '1200', '線條', '整齊劃', '當地', '溫泉', '紅娘', '芭樂', '媽媽', '桃則', '伴手禮', '梯田', '盛名', '蜿蜒', '最佳', '除了']"
華泰名品城,中壢區,百大國際品牌全年祭出優惠，省錢入手經典單品，締造你的獨有魅力﹔大展風潮的人氣餐館，讓品味從外在穿搭到飲食，都是極入流的表現。,"['國際', '優惠', '省錢', '經典', '單品', '締造', '獨有', '風潮', '人氣', '餐館', '從外', '飲食', '是極', '表現', '入流', '祭出', '大展', '百大', '品味', '入手', '魅力', '全年', '品牌']"
龍元宮商圈,龍潭區,廟口無非就是庶民小吃的集散地，從屹立多年的傳統美味，到在地人必私藏的創意小點，都令人嘗了就忍不住打卡分享新發現！,"['打卡', '廟口', '無非', '傳統', '地人必', '創意', '小點', '發現', '私藏', '屹立', '小吃', '庶民', '美味', '集散地', '分享', '忍不住', '令人', '多年', '就是']"
大湳圖書館,八德區,走過半世紀，眷村電影院蛻變成了閱讀文字與影像的人文空間，保留下來的軍工建築特色，激盪出新與舊的完美融合，讓老宅持續迷人。,"['走過', '眷村', '蛻變成', '閱讀', '空間', '下來', '工建築', '激盪', '持續', '半世', '老宅', '影院', '出新', '影像', '迷人', '人文', '完美', '融合', '特色', '保留', '文字']"
阿姆坪薑母島,大溪區,搭上渡船一次把石門水庫的山川水色達陣﹔龍珠灣、夢幻草原、石秀灣瀑布、長興斷橋…，晨昏四季都能有不同於陸路旅遊的驚奇發現。,"['石門', '水庫', '達陣', '龍珠灣', '夢幻', '石秀灣', '興斷橋', '陸路', '旅遊', '驚奇', '發現', '晨昏', '渡船', '水色', '山川', '四季', '瀑布', '草原', '一次', '不同']"
養樂多工廠,中壢區,小小乳酸菌藏著多少奧妙，瞧瞧生產線就知道！學到知識後去商店街逛一波，把限定文創小物帶回家，再到萬國Logo牆來個到此一遊打卡。,"['打卡', '藏著', '奧妙', '生產線', '學到', '知識後去', '街逛', '文創', '小物', '萬國', 'Logo', '牆來', '一遊', '乳酸菌', '限定', '小小', '再到', '商店', '一波', '瞧瞧', '回家', '多少', '知道']"
歐萊德綠建築總部,龍潭區,歐萊德秉持永續經營的理念，將總部建築融於環境，從建材到能源的再利用皆落實節能減碳，並以｢綠色品牌｣之姿為愛地球盡一份心力。,"['歐萊德', '永續', '經營', '將總部', '建築融', '環境', '實節', '減碳', '並以', '綠色', '之姿', '秉持', '心力', '建材', '理念', '地球', '一份', '能源', '品牌', '利用']"
福源茶廠,龍潭區,想成為品茶達人，就不能不明白製茶的箇中學問﹔體驗採茶、揉茶、磨茶粉…讓五感深入感受茶的每一階段，從此喝茶更有味道！,"['想成', '達人', '箇中', '學問', '體驗', '採茶', '茶粉', '一階段', '從此', '五感', '品茶', '喝茶', '味道', '不能不', '感受', '深入', '明白']"
中台環境教育資源中心,觀音區,環保小尖兵，一起來把廢棄物變黃金！有趣的導覽課程，帶你了解什麼是綠色資源科技、手中的工廠回收材料如何變為文創小物，動動手學科普。,"['環保小', '廢棄物', '變黃金', '導覽', '課程', '什麼', '綠色', '資源', '工廠', '變為', '創小物', '動動', '手學', '尖兵', '科普', '回收', '有趣', '手中', '科技', '材料', '了解', '一起', '如何']"
源友咖啡文化館,平鎮區,你喝的咖啡有泰半從這來！源友以享譽國際的烘豆技術，誘使每一顆咖啡豆散出香氣，為成就一杯風味香醇的咖啡奠定了美好基礎。,"['咖啡', '泰半', '這來', '源友', '享譽', '國際', '烘豆', '技術', '誘使', '一顆', '香氣', '風味', '基礎', '咖啡豆', '香醇', '散出', '美好', '一杯', '奠定', '成就']"
渴望園區,龍潭區,在這裡有一種自在是躺臥青草地望藍天、早晨被鳥鳴喚醒…就來入住全國首家｢金級環保旅館｣吧！回應內心對樂活人生最真實的嚮往。,"['這裡', '一種', '藍天', '鳥鳴', '喚醒', '全國', '金級', '環保', '旅館', '回應', '內心', '對樂活', '最真實', '青草地', '入住', '首家', '早晨', '人生']"
南崁溪水岸公園,蘆竹區,超帥氣退役戰車、大紅LOVE、緋紅富士櫻、炫麗光雕橋，6座公園給你軍事風、放閃風、唯美風，多種不一樣的打卡風格，洗版洗起來！,"['洗起', '打卡', '超帥氣', '戰車', '大紅', 'LOVE', '緋紅', '炫麗光', '雕橋', '公園給', '軍事風', '放閃風', '多種', '一樣', '風格', '洗版', '唯美', '富士', '退役']"
福仁宮,大溪區,農曆二月十一，來恭賀開漳聖王生辰快樂！地方大姓十年一輪主辦，神豬祭儀熱鬧登場，歡迎鄉親父老前來共襄盛舉，有拜有保庇！,"['來恭賀', '開漳聖王', '快樂', '一輪', '主辦', '神豬', '祭儀', '熱鬧', '登場', '歡迎', '鄉親', '前來', '襄盛舉', '保庇', '大姓', '生辰', '父老', '二月', '十一', '十年', '地方']"
新南老街,大溪區,雕飾精緻的巴洛克街屋華麗競演，隱喻著富貴人家的貴氣格調，隨著時代更迭，豪門廳堂成為旅人飲咖啡品生活的場景，再續老街風華。,"['雕飾', '屋華麗', '競演', '隱喻', '著富貴', '貴氣格調', '隨著', '時代', '豪門廳', '成為', '場景', '再續', '風華', '老街', '旅人', '巴洛克', '更迭', '咖啡', '人家', '生活']"
迷宮巷-鳳飛飛故居,大溪區,年華似水流，穿梭短牆矮房，鳳姐歌聲掠過心頭，就在草店尾小客廳稍作歇息吧，挖掘「後尾仔｣的吉光片羽，想像大漢溪河運興盛的日子。,"['草店', '年華似', '短牆', '矮房', '鳳姐', '歌聲', '掠過', '心頭', '尾小客', '吉光片羽', '大漢', '運興盛', '溪河', '稍作', '穿梭', '想像', '歇息', '水流', '挖掘', '日子']"
水牛書店,新屋區,以書易書的經營模式，讓偏鄉的閱讀力源源不絕，就如同店名｢水牛｣，默默耕耘著在地文化土壤﹔店內另販售小農特產，致力推廣友善耕作。,"['默默耕耘', '店名', '以書易', '經營', '偏鄉', '閱讀力', '不絕', '店內', '販售', '農特產', '推廣', '源源', '友善', '致力', '水牛', '耕作', '土壤', '如同', '模式', '文化']"
八德茄苳霄裡陽光鐵馬道,八德區,南北雙路線，玩法好多變！嚮往自然的你，就往北去看埤塘、賞阡陌農田﹔想感受在地人情味，就往南邊浣衣池、古厝群，小鎮情懷總是詩。,"['雙路線', '往北去', '農田', '南邊', '古厝', '小鎮', '情懷', '總是詩', '阡陌', '浣衣', '玩法', '人情味', '好多', '感受', '南北', '自然']"
舊百吉隧道,大溪區,日治時期聯絡角板山和大溪的交通要道，現今已成為重現往年車伕在輕便鐵道上，手押台車、辛苦載客載貨場景的歷史廊道。,"['日治', '時期', '聯絡', '角板', '現今', '重現', '鐵道', '手押', '台車', '客載', '貨場景', '歷史', '廊道', '大溪', '交通要道', '已成', '往年', '辛苦']"
青林農場,觀音區,吃過燒烤店沒什麼好說嘴，動手焢窯、露天烤肉才夠威，酒足飯飽後超大草皮等你來動動筋骨，最後做個麥桿菊乾燥花，把這份野趣帶回家。,"['過燒', '烤店', '沒什麼', '動手', '才夠', '酒足飯', '動動', '最後做', '麥桿', '乾燥', '這份', '野趣', '草皮', '烤肉', '超大', '筋骨', '露天', '回家']"
大艽芎古道,大溪區,古道健走找亮點，翩翩紫蛺蝶飛啊飛、純白桐花綻放樹間、蟲鳴鳥叫當最天然的背景音樂，昔日通商要道變成自然生態賞景私房路線！,"['健走', '亮點', '純白桐', '花綻', '放樹間', '蟲鳴', '叫當', '音樂', '變成', '生態', '賞景', '路線', '私房', '翩翩', '古道', '要道', '通商', '昔日', '天然', '背景', '自然']"
大漢橋,復興區,你是文藝小清新，就來賞楓賞蝶品四季更迭，你是躁動熱血咖，北台灣高度最高的高空彈跳歡迎你來，大漢橋的各種玩法，怎麼玩都挺有意思。,"['文藝', '賞楓', '賞蝶品', '躁動', '熱血', '彈跳', '歡迎', '大漢橋', '各種', '怎麼', '北台', '玩法', '更迭', '清新', '四季', '有意思', '高空', '高度', '最高']"
大溪月眉至龍潭三坑水岸觀光綠廊,大溪區,不衝刺的長征，儘管自如地踩踏雙輪，慢速欣賞沿途的每一道風景﹔懷舊老街、水岸風情、季節花海…，然後嚐口客家菜包，旅程完美終結！,"['客家菜', '不衝', '雙輪', '欣賞', '風景', '懷舊', '風情', '季節', '終結', '花海', '水岸', '老街', '慢速', '旅程', '自如', '踩踏', '沿途', '完美', '一道']"
優霞雲瀑布、嘎嘎生態池,復興區,看似靜謐的生態池其實是個熱鬧的小型生態鏈，觀察多樣化的水生物種能讓你嘖嘖稱奇﹔下行可見傾瀉而下的瀑布，滔滔流水光看就震撼。,"['生態', '水生物', '靜謐', '池其實', '熱鬧', '觀察多', '樣化', '種能', '嘖嘖稱', '可見', '傾瀉', '光看', '滔滔', '震撼', '看似', '流水', '瀑布', '下行', '小型']"
石門山步道,龍潭區,海拔551公尺的小百岳，匯聚鐵腿好漢坡、平坦土石路，隨興致攻頂便能換個角度鳥瞰石門水庫、遠眺龍潭大溪，感受登高的暢快。,"['551', '小百岳', '匯聚', '鐵腿', '好漢坡', '隨興致', '攻頂', '換個', '鳥瞰', '石門', '水庫', '遠眺', '龍潭', '暢快', '大溪', '公尺', '土石', '登高', '平坦', '感受', '角度', '海拔']"
羅馬公路自行車路線,復興區,想知道你的毅力臨界點在哪，近34公里的山麓單車行，就是挑戰標的﹔飽覽部落原鄉風采之際，奮力完成一段段爬坡，你就是自己的英雄！,"['臨界點', '34', '單車行', '挑戰標', '飽覽', '原鄉', '采之際', '奮力', '一段段', '爬坡', '毅力', '山麓', '就是', '部落', '英雄', '公里', '完成', '知道', '自己']"
角板山形象商圈,復興區,部落伴手禮﹣水蜜桃、甜柿、香菇、小米酒、編織藝品買好買滿，還有平常吃不到的部落風味菜，整個商圈就是你的逛街天堂。,"['部落', '甜柿', '伴手禮', '編織', '藝品', '風味菜', '整個', '逛街', '水蜜桃', '商圈', '小米', '香菇', '天堂', '平常', '不到', '就是']"
彩韻廣場,桃園區,如彩緞舞動的裝置藝術，以｢展開雙臂｣的迎賓意象，歡迎每位來訪的旅人，夜間炫彩光影與水瀑交織，又展現另一番醉人氛圍。,"['如彩緞', '舞動', '裝置', '藝術', '展開', '雙臂', '迎賓', '歡迎', '來訪', '夜間', '炫彩', '瀑交織', '展現', '氛圍', '旅人', '另一番', '意象', '醉人', '光影', '每位']"
新屋百年石滬群,新屋區,由一個個卵石堆疊而成的海上長城，既是漁民利用漲退潮的捕魚利器，更是不可多得的環境教育場域，酋婦蟹、海瓜子、青蟳，大開你的眼界。,"['海瓜子', '一個', '堆疊', '漁民', '捕魚', '環境', '場域', '酋婦', '大開', '不可多得', '卵石', '退潮', '利器', '眼界', '海上', '更是', '教育', '利用']"
羅浮部落獵人學校,復興區,莫急莫慌要沉著，作為一名獵人之先，你需要懂得超前佈署和耐心等候！跟著導覽人員學習設置陷阱、射箭秘訣，也許你就是最有潛力的泰雅獵人！,"['獵人', '泰雅', '莫急', '莫慌要', '沉著', '作為', '著導覽', '人員學習', '設置', '秘訣', '也許', '潛力', '超前', '射箭', '陷阱', '耐心', '最有', '懂得', '等候', '一名', '需要', '就是']"
龍岡森林公園,中壢區,丟掉手機丟電腦，無料萬坪公園才是全家人的絕佳休閒選項，不管是想健走、騎單車、打籃球，享受揮汗動起來的暢快，甩掉你的宅習慣。,"['丟掉', '手機', '丟電腦', '無料', '萬坪', '公園', '絕佳', '休閒', '選項', '單車', '打籃球', '揮汗動', '起來', '暢快', '習慣', '甩掉', '全家人', '享受', '不管']"
南崁溪水岸自行車道,蘆竹區,踩踏雙輪兜風去！22公里的水岸車道，跨境城中和田野，白天賞河景風光，晚上看爛漫光雕，即使一個人也能隨時展開一場愜意的單車私旅。,"['雙輪', '風去', '22', '車道', '賞河', '景風光', '看爛', '漫光', '一個', '隨時展', '開一場', '愜意', '單車', '私旅', '水岸', '踩踏', '田野', '跨境', '白天', '城中', '公里', '晚上', '即使']"
桃園中正藝文特區商圈,桃園區,料理東西軍大舉插旗的美食版圖，從街邊傳統小吃到異國美饌，強力逆襲每一張懂吃的嘴，還要把潮流衣著買起來，大肆享受逛街的快感。,"['東西', '軍大舉', '插旗', '版圖', '街邊', '傳統', '異國美', '強力', '逆襲', '一張', '還要', '衣著', '起來', '逛街', '小吃', '快感', '美食', '料理', '大肆', '潮流', '享受']"
龍岡圖書館(桃園市立圖書館龍岡分館),中壢區,獨自、讀字，挑個窗邊的座位，陷入文字的世界，就像圖書館｢融於自然｣的設計理念，在風光水綠中，我們閱讀，也感受這世界。,"['獨自', '讀字', '挑個', '窗邊', '圖書館', '設計', '風光', '水綠中', '我們', '閱讀', '世界', '座位', '理念', '感受', '陷入', '文字', '自然']"
虎頭山公園全齡友善步道,桃園區,不分老幼的自然系踏青路線，只要邁開步伐，便能擁抱難能可貴的生態之美，一路上也許會巧遇松鼠和蛙蛙，歡迎你造訪這座城市後花園。,"['路線', '邁開', '擁抱', '難能', '可貴', '生態', '之美', '許會', '歡迎', '造訪', '這座', '花園', '踏青', '巧遇', '老幼', '松鼠', '一路上', '步伐', '只要', '自然', '城市']"
泰雅小米園區,復興區,播種時的祈願、豐收時的感謝，旅人們藉由參與祭儀，認識族人崇敬天地的表現，園區還推出射箭、編織等文化體驗，讓你化身泰雅小勇士。,"['泰雅', '藉由', '播種', '祈願', '豐收時', '感謝', '參與', '祭儀', '認識', '表現', '園區還', '編織', '體驗', '旅人', '崇敬', '化身', '勇士', '射箭', '族人', '天地', '推出', '文化']"
溪口部落,復興區,登上新溪口吊橋，是每一位來訪溪口部落的旅人們必收景致，而體驗隱藏在口簧琴和部落料理的風土人文，則是讓旅程加倍精彩。,"['溪口', '部落', '吊橋', '來訪', '必收', '體驗', '隱藏', '口簧琴', '風土', '則是', '旅人', '旅程', '景致', '加倍', '料理', '人文', '精彩', '登上', '一位']"
石門水庫步道,龍潭區,深入步道的收穫，不只是鍛鍊體力，還可以眺望大壩風光，感受悠遊自然的快意﹔高雅梅櫻、橙紅楓葉、四月雪流蘇花，四季各有看頭。,"['步道', '體力', '大壩', '風光', '悠遊', '梅櫻', '橙紅楓', '雪流', '蘇花', '看頭', '快意', '眺望', '高雅', '四季', '四月', '各有', '感受', '深入', '自然', '只是']"
北橫公路自行車路線,大溪區,單車好手不會想錯過的達人級路線，從大溪一路上復興、小鎮一路到山區，壯麗原鄉騎透透，快激起你的腎上腺素飆速起來！,"['透透', '單車', '不會', '錯過', '人級', '路線', '小鎮', '山區', '壯麗', '原鄉', '上腺素', '飆速', '起來', '大溪', '好手', '激起', '一路上', '一路']"
大棟山登山步道,龜山區,目睹海拔405公尺的小百岳風景，有飛機凌空飛、高鐵呼嘯過、蜿蜒淡水河、台北101屹立遠處，攻頂後的重頭戲，就是令人直呼值得。,"['405', '小百岳', '風景', '飛機', '高鐵', '呼嘯過', '101', '遠處', '攻頂', '重頭戲', '直呼', '淡水河', '公尺', '屹立', '凌空', '目睹', '蜿蜒', '台北', '令人', '海拔', '值得', '就是']"
永安北岸濱海遊憩區,新屋區,親子親水低碳無動力活動首選﹣後湖溪划獨木舟，在海風徐徐之下搖槳前行，靜賞水鳥飛翔而過、觀察濕地生態，頗有一番情趣。,"['木舟', '親子', '親水低', '無動力', '活動', '首選', '湖溪划', '海風', '搖槳', '靜賞', '水鳥', '飛翔', '而過', '觀察濕', '生態', '徐徐', '情趣', '前行', '一番', '之下']"
大溪木藝生態博物館﹣大溪歷史館,大溪區,跨越近百年的屋舍，以展示｢大溪人的生活與歷史｣為定位，保留當代居民的軌跡，使旅人沉浸在令人著迷的復古氛圍中，懷想古今。,"['歷史', '當代', '軌跡', '著迷', '古氛', '圍中', '懷想', '屋舍', '大溪', '旅人', '沉浸', '古今', '百年', '跨越', '展示', '定位', '保留', '令人', '居民', '生活']"
大溪木藝生態博物館﹣藝師館,大溪區,高手在民間，木職人代代傳承的精湛工藝，使大溪因百年木藝而光彩熠熠﹔來趟文化行旅吧，發掘一鑿一刻下，無以複製的動人故事。,"['光彩熠熠', '民間', '木職', '傳承', '工藝', '木藝', '來趟', '發掘', '一鑿', '無以', '行旅', '代代', '大溪', '精湛', '高手', '百年', '一刻', '故事', '文化']"
桃園慈護宮,桃園區,中壢仁海宮與桃園慈護宮分別為南北桃園的媽祖信仰中心，每30年舉辦一次的祈安建醮極為盛大，總吸引成千上萬的信徒前來參拜、鑽轎腳。,"['桃園', '中壢', '仁海宮', '慈護宮', '分別', '媽祖', '30', '舉辦', '祈安建', '極為', '前來', '參拜', '成千', '信徒', '盛大', '信仰', '南北', '吸引', '中心', '一次']"
大溪普濟堂,大溪區,六月廿四關聖帝君聖誕，熱鬧翻騰的全城遶境，來看大仙尪神將出巡和百年社頭全到齊，大溪人的第二個過年，你不會想錯過！,"['廿四', '關聖', '聖誕', '熱鬧', '翻騰', '神將', '社頭', '個過', '不會', '錯過', '全到', '大溪', '帝君', '出巡', '大仙', '全城', '百年', '六月', '第二']"
赫威神木群,復興區,全台極為珍稀的低海拔紅檜群，樹齡約為800至2000年，當中較為知名的有巨大樹洞的八仙神木、枝幹曲折的卜派神木，抬頭仰望令人不由得發出讚嘆。,"['神木', '極為', '紅檜群', '樹齡', '800', '2000', '當中', '樹洞', '枝幹', '抬頭', '全台', '八仙', '仰望', '珍稀', '曲折', '知名', '不由得', '令人', '海拔', '巨大']"
乳姑山,龍潭區,白天這裡是挖掘台灣功夫茶製程的好所在，晚上則是捕獲超級夜景的打卡熱點，採茶體驗、璀璨燈火搭上美食，山中輕旅精彩一整日。,"['功夫茶', '打卡', '這裡', '台灣', '則是', '捕獲', '超級', '熱點', '採茶', '體驗', '燈火', '輕旅', '夜景', '璀璨', '美食', '整日', '精彩', '山中', '挖掘', '白天', '所在', '晚上']"
國立體育大學,龜山區,走在碧綠無波的志清湖畔步道，放眼所及的風景令人感到格外宜人，偶爾可見鴨子悠閒划水﹔一旁的青翠草地席地野餐，也是一種享受。,"['步道', '綠無波', '志清', '風景', '偶爾可見', '鴨子', '悠閒', '一種', '席地', '野餐', '青翠', '划水', '放眼', '湖畔', '宜人', '所及', '草地', '格外', '一旁', '享受', '令人', '感到']"
Global Mall 桃園A8,龜山區,多個流行風尚、生活日用、文具雜貨、運動休閒等特選品牌，加上特色主題餐館，讓你捷運到站立馬開買開吃，大嫌時間不夠用！,"['多個', '風尚', '雜貨', '運動', '休閒', '特選', '主題', '餐館', '捷運到', '開買開', '大嫌', '時間', '不夠', '日用', '文具', '站立', '特色', '流行', '品牌', '加上', '生活']"
中壢藝術館,中壢區,風格大器又沉穩的的建築，規劃有可容納千人的音樂廳、百坪展覽室，每年平均舉辦30檔展覽和百場國內外表演，是南桃園重要的藝文空間。,"['風格', '沉穩', '建築', '規劃', '納千人', '音樂廳', '百坪', '展覽室', '舉辦', '30', '檔展覽', '百場', '國內外', '南桃園', '藝文空間', '可容', '大器', '表演', '每年', '平均', '重要']"
桃園國際機場,大園區,可以待上一天的戶外觀景平台，無論是看夕陽、看星空、看飛機起降都很推﹔重現舊時大稻埕的玩藝大街，彩繪打卡牆引你進入一段復古時光。,"['打卡', '戶外', '觀景', '無論', '看夕陽', '看飛機', '重現', '時大稻', '玩藝', '彩繪', '牆引', '進入', '古時光', '星空', '起降', '大街', '一段', '平台', '一天']"
茄苳里埤塘公園,八德區,象徵桃園文化薈萃的七彩裝置藝術在埤塘的倒影令人驚豔，不如就沿著環湖景觀步道，領略不同視角之美，偶爾還有白鷺鷥與你相伴。,"['步道', '徵桃園', '薈萃', '裝置', '藝術', '沿著環', '湖景觀', '領略', '視角', '之美', '偶爾', '白鷺鷥', '七彩', '倒影', '相伴', '令人', '不如', '文化', '不同']"
魅力金三角商圈 (魅力金三角地方特色產業發展協會),平鎮區,米干、國旗屋、龍岡清真寺、忠貞市場、異域故事館、忠貞新村文化園區...，透著濃濃眷村風味的時尚風華再現，歡迎您的蒞臨!,"['國旗屋', '龍岡', '忠貞市場', '異域', '忠貞', '園區', '...', '透著', '濃濃', '眷村', '風味', '尚風華', '再現', '歡迎', '蒞臨', '新村', '清真寺', '故事', '文化']"
雲南文化公園,平鎮區,全桃稀有的雲南主題公園，園區內設有藏族祈福轉經筒，連年舉辦的龍岡米干節也於此為活動場地之一，是推廣滇緬文化的重要據點。,"['全桃', '雲南主題', '公園', '園區', '內設', '轉經筒', '連年', '舉辦', '龍岡米', '干節', '活動場', '推廣', '據點', '祈福', '稀有', '藏族', '文化', '之一', '重要']"
蘆竹德馨堂,蘆竹區,仔細端詳這座蘆竹地區少數保存良好的一條龍古厝，不論是彩瓷、泥塑、紅磚牆、燕尾形屋脊，皆顯百年望族氣派，也是表現閩南文化的經典之作。,"['燕尾形', '仔細端', '這座', '蘆竹', '地區', '少數', '一條', '古厝', '不論', '紅磚', '氣派', '表現', '閩南', '經典', '望族', '彩瓷', '泥塑', '屋脊', '之作', '百年', '保存', '良好', '文化']"
外社輕便車站,蘆竹區,重建的車站喚起地方記憶，旅人們在水塘畔踩小台車前行，體驗外社先民運輸工具，同時還能迎著微風欣賞周邊遠山，格外舒心。,"['車站', '喚起', '記憶', '台車', '體驗', '外社', '運輸', '同時', '還能', '迎著', '微風', '欣賞', '周邊', '遠山', '旅人', '舒心', '水塘', '先民', '前行', '重建', '格外', '工具', '地方']"
桃園市土地公文化館,桃園區,來瞧瞧威風凜然的神將每一筆畫有多細緻、古早農村廟口看戲是大人小孩都愛的樂趣…與土地公信仰密不可分的鄉土文化，帶你一探究竟。,"['威風凜然', '神將', '筆畫', '古早', '農村', '廟口', '看戲', '愛的', '樂趣', '鄉土', '土地公', '一探', '密不可分', '瞧瞧', '小孩', '信仰', '大人', '究竟', '文化']"
葡萄王健康活力能量館,平鎮區,來瞧瞧暢銷超過半世紀的｢康貝特｣發源地，除了Get健康知識，當然不能錯過保健食品和甜品混搭的益生菌霜淇淋、靈芝仙草凍，必吃絕配滋味。,"['益生菌', '暢銷', '超過', '紀的', '康貝特', 'Get', '知識', '當然', '錯過', '霜淇淋', '靈芝', '必吃', '絕配', '甜品', '保健食品', '半世', '源地', '仙草', '滋味', '瞧瞧', '健康', '除了', '不能']"
大園商圈,大園區,走逛擁有數十年歷史的餐館、餅舖、生活雜貨，是一窺在地人獨有日常的絕佳方式，傳統老店裡的老故事，走過路過千萬別錯過。,"['擁有數', '歷史', '餐館', '雜貨', '地人', '獨有', '絕佳', '傳統', '裡的', '過路', '過千萬別', '錯過', '老店', '日常', '十年', '故事', '方式', '生活']"
樂信瓦旦紀念公園,復興區,終其一生為了爭取部落居民的權益，而不惜斷送性命的樂信瓦旦，其無私精神直到如今依然是受到族人極高尊崇，也特建此公園表達感念。,"['終其', '爭取', '權益', '斷送', '信瓦旦', '其無私', '極高', '特建', '園表達', '此公', '感念', '尊崇', '族人', '不惜', '部落', '性命', '一生', '居民', '直到', '精神', '依然', '如今', '受到']"
龍潭觀光夜市,龍潭區,每個南桃園鄉親心目中的美食地圖，總是少不了會有龍潭觀光夜市，裡頭多達500個攤位，囊括各式異國料理、傳統美味，吃貨雷達ON！,"['每個', '南桃園', '鄉親', '地圖', '總是', '會有', '龍潭', '觀光', '裡頭', '500', '攤位', '異國', '傳統', '貨雷達', '夜市', '囊括', '美食', '各式', '美味', '少不了', '料理', '心目']"
108賴家休閒農場,蘆竹區,來訪的旅客可別錯過瞧瞧園主的絲瓜藝術創作展示，和夏日必賞的荷花景致，讓這趟農村風土體驗，增添了一點閒情逸致。,"['逸致', '來訪', '可別', '錯過', '園主', '絲瓜', '藝術', '創作', '必賞', '這趟', '農村', '風土', '體驗', '一點', '閒情', '夏日', '景致', '荷花', '旅客', '增添', '瞧瞧', '展示']"
千郁休閒農場,蘆竹區,六千多坪的園區種植多種香草植物、景觀植栽，旅人賞美景之餘，還可品嘗舒壓香草茶、養生健康餐，再來場大地遊戲、農事體驗，實在紓壓！,"['香草', '園區種', '植多種', '景觀植', '之餘', '還可品', '嘗舒壓', '養生', '再來場', '遊戲', '農事', '體驗', '實在', '六千多', '旅人', '美景', '大地', '健康', '植物']"
台灣高鐵探索館,中壢區,2007年台灣高鐵的通車，推進台灣交通史邁入嶄新的里程碑，這當中需要多少無名英雄的投入﹖又有哪些難題需要被克服﹖歡迎來探索這偉大工程！,"['台灣', '2007', '高鐵', '通車', '推進', '邁入', '這當', '無名', '難題', '歡迎', '這偉大', '交通史', '需要', '里程碑', '克服', '哪些', '探索', '英雄', '投入', '工程', '多少']"
新溪口吊橋,復興區,沒走過全台最長懸索橋，就好像來復興沒吃水蜜桃，旅行成就少一項！快點提起你的勇氣，勇跨｢北台303｣，大漢溪谷等你來征服！,"['沒走過', '最長', '懸索橋', '少一項', '快點', '勇氣', '勇跨', '303', '大漢', '北台', '全台', '水蜜桃', '溪谷', '旅行', '征服', '提起', '成就', '好像']"
泰雅故事公園,復興區,桃園第一座引進碳酸氫鈉泉的公園，入口處的超大魚筌展現泰雅捕魚文化，園內特別設置泡腳池，讓旅人就地即可體驗觸感光滑的美人湯。,"['泰雅', '桃園', '引進', '氫鈉', '公園', '魚筌', '展現', '捕魚', '園內', '特別', '設置', '腳池', '體驗', '觸感', '美人湯', '旅人', '碳酸', '超大', '第一座', '入口', '光滑', '即可', '文化']"
桃園軌道願景館,桃園區,坐上桃園號小火車認識桃園捷運未來規劃、回顧在地軌道歷史﹔等比例神還原打造的桃園舊火車站、小小車長體驗、軌道劇院皆是館內亮點。,"['桃園', '軌道', '桃園號', '車認識', '捷運', '未來', '規劃', '回顧', '歷史', '還原', '火車', '車長', '體驗', '劇院', '內亮點', '小火', '坐上', '小小', '打造', '比例']"
桃園77藝文町,桃園區,在五光十色的站前商圈裡，這座日式宿舍群像是一片文化綠洲，默默地藉由展覽、藝文表演、文創市集，以新舊交錯的文化樣貌滋養這城市。,"['藉由', '這座', '綠洲', '展覽', '藝文', '文創', '以新舊', '交錯', '樣貌', '滋養', '日式', '市集', '群像', '五光十色', '文化', '商圈', '宿舍', '默默地', '表演', '一片', '城市']"
桃園防災教育館,八德區,透過煙霧體驗、滅火VR體驗、密室逃脫等各樣互動教學，你將學習到各樣實用的防災觀念，化身為守護家園的救難小英雄。,"['體驗', '各樣', '透過', '煙霧', '滅火', 'VR', '逃脫', '互動', '教學', '將學習', '實用', '防災', '觀念', '守護家園', '密室', '化身', '英雄']"
圳頭里軍史公園,大園區,今天的打卡來走軍事風吧！比模型更威的坦克車、驅逐艦、戰鬥機、單管砲等退役軍武，就是你的最強背景，快門按下，鏡頭前你最霸氣！,"['打卡', '軍事風', '更威', '驅逐艦', '戰鬥機', '單管', '軍武', '最強', '快門', '鏡頭', '霸氣', '退役', '模型', '坦克', '背景', '今天', '就是']"
桃園市兒童美術館,八德區,館內收藏破萬本的兒童讀物，每月並舉辦多場親子藝文活動，觸動孩童的想像力與好奇心，讓美學教育從興趣當中轉為生活的一部分。,"['館內', '破萬本', '兒童', '讀物', '並舉', '辦多場', '親子', '藝文', '活動', '觸動', '美學', '從興趣', '當中', '轉為', '想像力', '孩童', '好奇心', '收藏', '每月', '教育', '一部分', '生活']"
觀音草漯沙丘,大園區,騷動的探險魂啊，全國第一座沙丘地質公園，根本就是撒哈拉沙漠的平行時空，何不打造另類的荒漠壯遊，200多公頃海上長城等你完美入鏡！,"['騷動', '探險魂', '全國', '地質', '公園', '時空', '另類', '壯遊', '200', '多公頃', '入鏡', '根本就是', '撒哈拉沙漠', '第一座', '沙丘', '荒漠', '何不', '完美', '平行', '打造', '海上']"
保甲古道,楊梅區,循著卵石遍布的挑夫運貨路徑前行，如今挑夫身影已不復見，倒是多了尋幽訪古的旅人，在盡是茶園與苦茶樹的古道，感受客庄山林。,"['挑夫', '循著', '運貨路徑', '尋幽', '訪古', '茶園', '客庄', '旅人', '古道', '卵石', '山林', '前行', '遍布', '身影', '感受', '如今']"
福人登山步道,楊梅區,沒那麼困難，征服第一條山林步道就從這開始！集結和緩坡度、低海拔等爬山入門款條件，全家大小的山林健走之行，即刻出發！,"['山林', '步道', '那麼', '困難', '這開始', '集結', '入門款', '條件', '健走', '出發', '爬山', '之行', '即刻', '坡度', '全家', '征服', '海拔', '大小', '第一']"
觀新藻礁生態系野生動物保護區,觀音區,號稱全台面積最大的千年植物藻礁，因其生長速度緩慢，每一方寸都是彌足珍貴，每逢春夏更是吸引不少旅人來一探潮間帶的生態奧秘。,"['號稱', '藻礁', '生長', '緩慢', '每一', '彌足', '珍貴', '探潮間', '生態', '奧秘', '旅人', '方寸', '台面', '春夏', '每逢', '千年', '因其', '吸引', '更是', '植物', '速度', '不少', '最大']"
菱潭街興創基地,龍潭區,曾經的市場美食街，閒置14年後，因著一間間的文創店鋪進駐，注入一股藝文能量，而再度匯聚人潮，成功塑造了另一種在地人文新風貌。,"['美食街', '曾經', '市場', '閒置', '14', '因著', '一間', '創店', '進駐', '藝文', '匯聚', '一種', '新風貌', '人潮', '人文', '塑造', '能量', '注入', '一股', '再度', '成功']"
新民老街,桃園區,沒有大廟商圈的人聲雜沓，踏上有｢桃園第一街｣之稱的老街，時間彷彿轉慢了，不如找間文青咖啡廳、傳統雜貨店，找尋老城區的舊日點滴。,"['文青', '沒有', '大廟', '人聲', '雜沓', '桃園', '之稱', '時間', '轉慢', '找間', '傳統', '雜貨店', '找尋', '區的', '日點', '老街', '商圈', '老城', '踏上', '咖啡', '不如', '第一']"
水濂洞、幽靈瀑布,復興區,受不了盛暑難耐嗎﹖就去鐵力庫部落清涼一下！超刺激的天然滑水道、壯觀奔騰的百尺高瀑布、媲美頂級水療的水濂洞，暑氣全OUT！,"['難耐', '鐵力庫', '清涼', '滑水', '壯觀', '奔騰', '頂級', '水療', '暑氣全', 'OUT', '盛暑', '百尺', '媲美', '受不了', '瀑布', '部落', '天然', '刺激', '一下']"
A8藝文中心,龜山區,所謂的藝術，從來就不是遙不可及，而是貼近於生活的存在﹔A8藝文中心帶你由賞畫、看老照片、玩手作，隨時開啟通往藝術的大門。,"['藝術', '所謂', '從來', '貼近', 'A8', '藝文', '賞畫', '玩手', '隨時', '開啟', '大門', '老照片', '通往', '不可', '而是', '中心', '生活', '存在', '不是']"
桃園光影文化館(光影二館),桃園區,高規格的放映設備，打造舒適的觀影空間，每月不只有由館方精心規劃的主題選片，還有各式靜態展覽和藝文展演，實為多功能的藝文場域。,"['展演', '高規格', '設備', '舒適', '觀影', '空間', '由館方', '規劃', '主題', '選片', '靜態', '展覽', '藝文', '實為', '藝文場域', '放映', '各式', '多功能', '精心', '每月', '打造', '只有']"
中壢光影電影館(光影一館),中壢區,透過主題選片、影人映後座談，帶你看遍世界、吸收滿滿藝術能量，逢週六還有親子電影院，全家大小一同無料觀影，開心樂無限！,"['影人', '透過', '主題', '選片', '映後座', '看遍', '滿滿', '藝術', '週六', '親子電', '無料', '觀影', '開心樂', '無限', '影院', '全家', '一同', '能量', '吸收', '大小', '世界']"
八德落羽松森林,大溪區,和炎炎夏日道別後，上千株由綠轉紅的落羽松悄然宣告秋天來臨，騎著單車伴著微涼的秋風漫步霄裡大池畔，別有一番純粹美好。,"['千株', '道別', '由綠', '轉紅', '落羽松', '來臨', '騎著', '單車', '伴著', '微涼', '秋風', '霄裡', '別有', '純粹', '炎炎夏日', '池畔', '漫步', '悄然', '秋天', '美好', '宣告', '一番']"
石門森林休閒農場,大溪區,園內種植食用香草以及地方農產，並提供導覽解說服務，旅客可於現場購買植栽、特色伴手禮，也能參與手做體驗，認識農林生活。,"['園內', '種植', '農產', '導覽解', '服務', '現場', '購買植', '伴手禮', '參與手', '體驗', '認識', '農林', '香草', '旅客', '食用', '特色', '提供', '生活', '地方', '以及']"
桃蘆坑休閒農場,蘆竹區,光看到這座水上溜滑梯，還有可愛的鵝鴨游水，你家小孩就鐵定失心瘋了！往裏頭去還有沙坑和湖畔景觀餐廳，只怕你時間不夠玩。,"['這座', '溜滑梯', '可愛的', '鐵定', '失心', '頭去', '景觀', '餐廳', '時間', '不夠', '沙坑', '游水', '湖畔', '水上', '你家', '小孩', '只怕', '看到']"
蛋寶生技不老村,平鎮區,許願亭、迷你版千本鳥居、長壽地藏尊，換上浴衣穿梭在復刻版的江戶大街，這裡就是日本！還可DIY鯉魚旗、紙傘，日系紀念品自己親手做。,"['迷你版', '浴衣', '許願亭', '千本', '鳥居', '地藏尊', '換上', '江戶', '這裡', '還可', 'DIY', '鯉魚', '紙傘', '日系', '紀念品', '親手', '刻版', '穿梭', '大街', '日本', '就是', '自己']"
侏羅紀博物館,蘆竹區,珠寶學可沒你想像得遙不可及！來到這，不但能一睹具國際博物館級水準的館藏寶石，還可以清修化石、研磨琥珀、礦坑淘寶，知性又有趣！,"['珠寶學', '得遙', '具國際', '館級', '水準', '寶石', '礦坑', '清修', '知性', '一睹', '博物', '研磨', '琥珀', '想像', '有趣', '化石', '不但', '不可']"
大溪木藝生態博物館﹣鳳飛飛故事館,大溪區,她的經典歌曲，你仍不時哼起﹔她溫暖的笑容，你猶記在心﹔館內展出多件鳳友們捐贈的珍貴收藏，想念鳳姐時，歡迎來館舍讓往事再次回味。,"['經典', '不時', '溫暖', '猶記', '館內', '鳳友們', '捐贈', '珍貴', '鳳姐', '歡迎', '來館', '哼起', '多件', '回味', '想念', '展出', '歌曲', '往事', '收藏', '笑容', '再次']"
楊梅四維商圈,楊梅區,商圈內各路美食滿滿是﹔想在咖啡廳當個偽文青放空自己、日式食堂大飲啤酒，或是一嘗銅板價中式下午茶，選擇之多，怎麼吃都不膩！,"['滿滿', '當個', '偽文青', '大飲', '一嘗', '銅板價', '選擇', '怎麼', '不膩', '日式', '下午茶', '放空', '商圈', '中式', '美食', '食堂', '各路', '咖啡', '啤酒', '或是', '自己']"
棒球名人堂,龍潭區,查理布朗站上投手丘，準備要和你來個直球對決！館內豐富又生動的互動體驗，邀請你一起來感受棒球之樂、認識輝煌的棒球黃金年代。,"['棒球', '準備', '直球', '對決', '館內', '豐富', '生動', '互動', '體驗', '邀請', '之樂', '認識輝煌', '投手', '查理', '站上', '布朗', '感受', '年代', '一起']"
粼粼波光、翩翩白影(地景藝術節白鷺鷥),楊梅區,高八米五的白鷺鷥低頭覓食，鏤空設計隨著天光雲影的變化展現不同美感﹔目前是重現埤塘文化、富岡人在地印象的重要地景。,"['八米', '白鷺鷥', '低頭', '鏤空', '設計', '隨著', '雲影', '變化', '展現', '重現', '埤塘', '富岡人', '地景', '美感', '天光', '印象', '文化', '不同', '重要', '目前']"
壢小故事森林,中壢區,百年教師宿舍活化為親子共學空間，讓學習不再只是侷限於課本，而是從講座、繪本故事、食育體驗、手作勞作，拓展孩子知識的廣度。,"['教師', '親子', '共學', '空間', '學習', '課本', '講座', '繪本', '食育', '體驗', '手作', '勞作', '知識', '廣度', '活化', '百年', '宿舍', '拓展', '故事', '不再', '孩子', '而是', '只是']"
壢景町,中壢區,館內以展示中壢的發展軌跡以及介紹台灣民主發展史為主軸，讓參觀者回到過去，找尋成長中的記憶片段，並認識歷史的重要演進。,"['發展', '館內', '中壢', '軌跡', '介紹', '台灣', '史為', '主軸', '參觀者', '過去', '尋成長', '記憶', '並認識', '歷史', '演進', '片段', '展示', '民主', '回到', '重要', '以及']"
新屋農博環境教育園區,新屋區,六大主題館舍透過生動活潑的導覽解說、手作體驗、文化藝廊等方式，傳遞環境教育的重要性﹔戶外的裝置藝術、景觀生態池，則是熱門打卡亮點。,"['打卡', '主題', '館舍', '透過', '生動', '活潑', '導覽解', '手作', '體驗', '藝廊', '傳遞', '環境', '戶外', '裝置', '藝術', '景觀', '生態', '則是', '熱門', '亮點', '六大', '重要性', '教育', '文化', '方式']"
自然接觸保養品亮點體驗園,楊梅區,秉持天然並結合高端萃取技術，為愛美的你研發出具品質保證的美麗法寶，了解產品製程之餘，還能體驗異國服飾，讓你大秀華麗！,"['並結合', '技術', '美的', '研發', '品質', '保證', '美麗法', '還能', '體驗', '異國', '服飾', '大秀華麗', '秉持', '萃取', '出具', '高端', '天然', '了解']"
Xpark 八景島水族館,中壢區,不用出國！橫濱八景島首設海外分館，13大主題展區以萬花筒般的絢爛燈光與久石讓打造的專屬音樂，帶你沉浸奇幻無比的水生世界。,"['花筒', '出國', '橫濱', '島首設', '分館', '13', '大主題', '展區', '絢爛', '燈光', '專屬', '音樂', '無比', '奇幻', '八景', '沉浸', '水生', '打造', '般的', '不用', '海外', '世界']"
桃園新光影城,中壢區,引進全台首座杜比影院，不僅以超奢華放映設備打造觀影新高度，還搭配天王按摩椅、五星級電動床組，連身體也享受極致放鬆。,"['按摩椅', '杜比', '引進', '不僅', '以超', '奢華', '設備', '觀影', '電動', '床組', '連身體', '極致', '全台', '首座', '放映', '影院', '五星', '搭配', '天王', '打造', '享受', '高度']"
大溪木藝生態博物館﹣木生活館,大溪區,昔日的蔣公行館，改造為展示木職人作品和開放旅客木工體驗的創作空間，歡迎來到木藝的美妙世界，雋刻屬於你的大溪旅遊日記。,"['木職', '開放', '體驗', '創作', '空間', '歡迎', '木藝', '雋刻屬', '旅遊', '日記', '公行', '大溪', '木工', '美妙', '旅客', '昔日', '展示', '改造', '作品', '世界']"
利百代彩筆文創館,桃園區,文創文具挑動你的文青神經、復古大街絕版商品給你滿滿回憶殺、彩繪DIY讓每個人都是大藝術家，最後再去義式餐館填飽胃，大人小孩都滿意。,"['青神', '文創', '挑動', '絕版', '給你滿', '回憶', '彩繪', 'DIY', '每個', '大藝術家', '最後再', '義式', '餐館', '填飽胃', '滿意', '文具', '小孩', '大街', '大人', '商品']"
雄獅文具想像力製造所,龍潭區,你今天的心情是莫蘭迪綠，還是法拉利紅﹖來調製你的專屬彩色筆、染印送給家人的抱枕，揮灑你的想像力成就你的美好旅行回憶！,"['莫蘭迪綠', '還是', '染印', '送給', '揮灑', '回憶', '法拉利', '想像力', '旅行', '彩色', '美好', '家人', '成就', '心情', '今天']"
勝昌中草藥探索館,中壢區,那些名字千奇百怪的中藥材，到底對身體有什麼幫助﹖有趣的闖關活動帶你認識實物，讓你變身小小李時珍，不再川芎當歸傻傻分不清楚！,"['中藥材', '身體', '什麼', '幫助', '闖關', '活動', '認識', '實物', '變身', '李時珍', '當歸', '分不清楚', '傻傻', '千奇百怪', '川芎', '小小', '有趣', '名字', '到底', '不再', '那些']"
崙坪文化地景園區,觀音區,小松鼠正邀你一同在這座6.3公頃的綠地盡情跑跳，然後在竹編龜殼劇場做白日夢、最後嚐個梅干扣肉、逛逛客家文創好物，不跟上太可惜！,"['扣肉', '跑跳', '正邀', '這座', '6.3', '公頃', '綠地', '盡情', '然後在', '編龜殼', '劇場', '文創', '好物', '客家', '逛逛', '松鼠', '白日', '跟上', '一同', '可惜']"
鍾肇政文學生活園區,龍潭區,沉浸國寶文學家-鍾肇政寫作多部經典鉅作的孕育之地，再走訪臨近的龍元宮、龍潭市場、龍潭大池，原來龍潭的文學味比你想得還濃。,"['龍潭', '國寶文學家', '肇政寫', '經典鉅作', '走訪', '臨近', '龍元宮', '市場', '龍潭大池', '原來', '文學味', '還濃', '多部', '沉浸', '孕育', '之地']"
手信霧隱城,龍潭區,以日本江戶時代為背景，打造出霧隱城城廓及江戶老街城下町的樣貌，帶領遊客進到城裡，一探幕府將軍與和菓子的能量秘密。,"['江戶', '時代為', '隱城', '城廓', '樣貌', '領遊客', '進到', '城裡', '將軍與', '老街', '打造出', '一探', '幕府', '城下', '能量', '秘密', '背景', '日本']"
新屋石滬故事館,新屋區,原為警察哨所及宿舍的蚵一哨所，經重新改造轉型後，以寓教於樂的方式，傳承新屋百年石滬文化，並提供旅客石滬修築體驗。,"['石滬', '哨所', '原為', '轉型', '以寓', '傳承', '修築', '體驗', '新屋', '旅客', '百年', '宿舍', '警察', '改造', '重新', '文化', '方式', '提供']"
草漯沙丘觀音展示館,觀音區,你聽過饅頭丘、陰影丘、前列沙丘嗎？讓我們一起走入草漯沙丘的奇妙世界，尋找沙灘、夕陽、風車的絕美密境，彷彿置身於撒哈拉沙漠，等著你來揭開它的神秘面紗！,"['沙丘', '聽過', '饅頭', '陰影丘', '我們', '尋找', '沙灘', '夕陽', '風車', '絕美密境', '揭開', '面紗', '置身', '撒哈拉沙漠', '奇妙', '走入', '前列', '神秘', '一起', '世界']"
海洋客家牽罟文化館,新屋區,想當一日海客嗎？全國首座「海洋客家牽罟文化館」，帶您體驗傳統牽罟捕魚，緬懷先人與海共生的智慧，品嚐道地牽罟風味餐，是盛夏絕不能錯過的衝浪聖地！,"['想當', '全國', '體驗', '傳統', '捕魚', '緬懷', '品嚐', '風味餐', '錯過', '衝浪', '聖地', '客家', '首座', '海客', '盛夏', '先人', '共生', '智慧', '一日', '海洋', '文化', '不能']"
新屋濱海植物園,新屋區,發現新秘境，玩出新知識！開啟「新屋濱海植物園」APP互動遊戲，讓你一邊玩、一邊長知識，探索大自然的奧妙，快來挑戰尋寶的樂趣吧！,"['知識', '一邊', '發現', '秘境', '開啟', '濱海', 'APP', '互動', '遊戲', '奧妙', '快來', '挑戰', '尋寶的', '樂趣', '新屋', '出新', '大自然', '探索', '植物']"
藻礁生態環境教室,新屋區,想要與觀新藻礁譜一場千年之戀嗎？認識10年才長1公分的海洋生物育嬰房，走～由專業海岸生態解說員帶您一起去探索！,"['觀新藻', '一場', '之戀', '認識', '育嬰房', '專業', '生態', '解說員帶', '公分', '海洋生物', '千年', '海岸', '探索', '想要', '一起']"
鑊篤陂塘生態公園,平鎮區,漫步在公園，徜徉在和大自然共處的美好時光，週邊景色讓人心曠神怡！陂塘豐富的生態環境、樹林間有趣的地景溜滑梯，是都市中難得的世外桃源、親子遊憩的好去處。,"['公園', '共處', '時光', '週邊', '曠神怡', '豐富', '生態', '環境', '樹林間', '地景', '溜滑梯', '中難', '親子', '遊憩', '陂塘', '徜徉', '世外桃源', '漫步', '都市', '大自然', '景色', '美好', '有趣', '人心']"
巧虎夢想樂園,中壢區,五大區域﹣「琪琪夢想體驗城」、「巧虎繽紛大球池」、「妙妙未來實驗室」、「海洋世界舞台」和「桃樂比互動遊戲區」，讓孩子們玩得快樂同時培養智能。,"['琪琪', '妙妙', '區域', '夢想', '體驗城', '巧虎繽紛', '大球池', '未來', '實驗室', '桃樂', '互動遊', '戲區', '快樂', '同時', '培養', '世界舞台', '五大', '智能', '海洋', '孩子']"
Global Mall 桃園A19,中壢區,捷運到站就到店，從料理教室、親子樂園、舒壓按摩、美味餐館到生活用品一應俱全，滿足消費者購物、聚餐、體驗、娛樂休閒全方位需求。,"['捷運到', '親子', '樂園', '舒壓', '餐館', '一應', '滿足', '消費者', '購物', '體驗', '娛樂', '休閒', '聚餐', '俱全', '生活用品', '美味', '料理', '全方位', '教室', '按摩', '需求']"
永安海螺文化體驗園區,新屋區,主體建築擷取海螺，中庭的地景藝術，則是以客家吹海螺的聲音為發想，附屬建物則是融入捕漁的客家石塭，整體園區頗具海客風情。,"['則是', '客家', '海螺', '建物', '主體', '建築', '擷取', '地景', '藝術', '聲音', '發想', '附屬', '捕漁', '整體', '園區', '風情', '中庭', '海客', '融入']"
十一份觀光文化園區,龍潭區,前身為人聲鼎沸的佳安市場，而現在她將繼續延伸生命力，結合藝術、零塑、有機、自然生態等多元樣貌，為十一份這個地區注入新的活力。,"['人聲', '佳安市場', '而現', '將繼續', '結合', '藝術', '零塑', '有機', '生態', '樣貌', '這個', '地區', '鼎沸', '生命力', '多元', '前身', '活力', '延伸', '注入', '一份', '自然']"
1895乙未保台紀念公園,平鎮區,有如以色列哭牆的｢乙未之環｣，開門見山地將公園注入歷史意涵，旅人走讀客家義民為保育鄉土的四大戰役不惜壯烈犧牲，心中必是滿滿感懷。,"['乙未', '哭牆', '之環', '開門', '將公園', '歷史', '意涵', '走讀', '義民為', '鄉土', '戰役', '壯烈', '犧牲', '滿滿', '感懷', '保育', '旅人', '客家', '有如', '必是', '不惜', '以色列', '四大', '注入', '山地', '心中']"
異域故事館,平鎮區,「異域孤軍」這個鮮為人知的部隊，在遙遠的金三角莽荒叢林裡拼搏30餘年，「異域故事館」保存了「異域孤軍」的悲壯歷史，讓這段故事永久流傳下去。,"['異域', '故事', '這個', '鮮為', '人知', '部隊', '遙遠', '莽荒', '叢林裡', '30', '餘年', '悲壯', '歷史', '這段', '流傳', '金三角', '拼搏', '永久', '保存', '下去']"
大溪落羽松公園,大溪區,每年秋冬之際，大溪落羽松大道的落羽松葉由金黃轉為緋紅時，總吸引許多遊客到此體驗有濃濃異國情調的自然美景。,"['之際', '落羽松', '落羽', '松葉', '金黃', '轉為', '緋紅時', '許多遊', '客到', '此體驗', '濃濃異國', '情調', '大溪', '美景', '秋冬', '大道', '吸引', '每年', '自然']"
楊梅故事園區,楊梅區,楊梅故事園區前身為「楊梅國中校長及教職員宿舍群」，園區內共有3棟建築，分別傳遞民間興學、自力建校、客家尊崇學風的人文精神。,"['園區', '人文精神', '楊梅', '楊梅國', '職員', '建築', '分別', '遞民間', '興學', '學風', '自力', '建校', '客家', '中校', '尊崇', '宿舍', '前身', '故事', '共有']"
