日期,網址,標題
11/01,https://www.ptt.cc//bbs/Food/M.1667303082.A.2F0.html,[廣宣] 竹北 添好運 ~連續12年米其林1星<入會禮>
11/01,https://www.ptt.cc//bbs/Food/M.1667305647.A.6A5.html,[食記] 桃園 成真咖啡．彩虹飯、舒芙蕾推薦!
11/01,https://www.ptt.cc//bbs/Food/M.1667308772.A.9CC.html,[食記] 台南 樑記正老店牛肉湯
11/01,https://www.ptt.cc//bbs/Food/M.1667310903.A.14D.html,[食記] 嘉義 黃毛丫頭 東山鴨頭
11/01,https://www.ptt.cc//bbs/Food/M.1667316718.A.E4E.html,[食記] 新北 野營咖哩
11/02,https://www.ptt.cc//bbs/Food/M.1667319197.A.097.html,[食記] 台北 默爾誠品信義～看得到101的景觀餐廳
11/02,https://www.ptt.cc//bbs/Food/M.1667323347.A.513.html,[食記] 台北 士林 一家食堂
11/02,https://www.ptt.cc//bbs/Food/M.1667330020.A.603.html,[食記]胖福手作早午餐
11/02,https://www.ptt.cc//bbs/Food/M.1667355631.A.C7F.html,[食記] 新北八里 美好時光 預約制咖啡廳
11/02,https://www.ptt.cc//bbs/Food/M.1667359201.A.38C.html,[食記] 台北 欣葉日本料理健康店 秋季美食全品項
11/02,https://www.ptt.cc//bbs/Food/M.1667364043.A.0D4.html,[食記] 嘉義.中埔-頂六江家火雞肉飯
11/02,https://www.ptt.cc//bbs/Food/M.1667364417.A.00E.html,[轉讓] 11/24澀Sur 2位 交換其他天假日
11/02,https://www.ptt.cc//bbs/Food/M.1667368892.A.3C0.html,[食記] 苗栗 圓聚鼎小籠包
11/02,https://www.ptt.cc//bbs/Food/M.1667369307.A.801.html,[食記] 台南歸仁 歸仁雞蛋糕 
11/02,https://www.ptt.cc//bbs/Food/M.1667369563.A.1E0.html,[食記] 高雄三民區 41EARLYBAR明誠店 早午餐土司
11/02,https://www.ptt.cc//bbs/Food/M.1667369710.A.16E.html,[食記] 新店 小碧潭站 老中央餅坊 央北燒餅
11/02,https://www.ptt.cc//bbs/Food/M.1667369747.A.32D.html,[食記] 台南歸仁 關廟阿美魯麵
12/16,https://www.ptt.cc//bbs/Food/M.1355673582.A.5F7.html,[公告] Food板 板規 V3.91
 9/28,https://www.ptt.cc//bbs/Food/M.1190944426.A.E6C.html,[公告] 發文請在標題加上地區及提供地址電話。^^
10/01,https://www.ptt.cc//bbs/Food/M.1128132666.A.0FD.html,[公告] 文章被刪除者請洽精華區的資源回收桶
 6/04,https://www.ptt.cc//bbs/Food/M.1496532469.A.C36.html,[公告] 新增板規22：發文禁附延伸閱讀連結
